District,Year,Month,Avg_Temp,Avg_Dew,Avg_Humidity,Avg_Precipitation
amritsar,2017,1,12.061290322580644,9.938709677419356,89.25483870967743,1.5816129032258064
amritsar,2017,2,15.714285714285714,11.328571428571427,79.23928571428571,0.173
amritsar,2017,3,19.47741935483871,13.33548387096774,72.35161290322581,0.759516129032258
amritsar,2017,4,27.456666666666667,12.033333333333331,44.373333333333335,1.3603333333333334
amritsar,2017,5,31.541935483870965,14.596774193548388,39.57096774193548,0.6837096774193548
amritsar,2017,6,31.03,21.26,62.28333333333333,6.3245000000000005
amritsar,2017,7,30.60322580645161,28.212903225806453,88.32903225806452,9.499032258064515
amritsar,2017,8,29.9,27.93548387096774,90.26129032258063,3.4863870967741937
amritsar,2017,9,28.423333333333336,24.9,83.49333333333334,0.5281
amritsar,2017,10,25.31935483870968,19.85483870967742,75.28709677419356,0.0032258064516129
amritsar,2017,11,16.79,12.58,79.88000000000001,0.1059
amritsar,2017,12,13.170967741935485,8.061290322580644,75.84516129032258,0.4216451612903226
amritsar,2018,1,11.603225806451611,7.593548387096774,80.59354838709677,0.1928709677419355
amritsar,2018,2,15.478571428571428,10.19285714285714,74.60357142857143,0.7168928571428571
amritsar,2018,3,21.135483870967743,13.919354838709678,68.45806451612903,0.091
amritsar,2018,4,26.846666666666668,15.7,56.336666666666666,0.8902666666666667
amritsar,2018,5,31.616129032258065,13.53225806451613,37.65806451612904,0.2095806451612903
amritsar,2018,6,32.07666666666667,20.563333333333333,55.0,4.192866666666666
amritsar,2018,7,30.25483870967742,24.89354838709677,74.61290322580645,7.0612258064516125
amritsar,2018,8,30.13225806451613,25.258064516129032,76.38709677419355,2.705161290322581
amritsar,2018,9,27.67,22.5,75.19666666666667,10.066833333333332
amritsar,2018,10,23.306451612903224,17.154838709677417,70.97096774193548,0.6782903225806451
amritsar,2018,11,17.826666666666664,11.846666666666666,71.38000000000001,0.1995999999999999
amritsar,2018,12,12.077419354838709,7.361290322580645,76.70967741935483,0.0234193548387096
amritsar,2019,1,10.964516129032257,6.97741935483871,79.47096774193548,0.7383548387096774
amritsar,2019,2,13.564285714285717,9.525,79.65714285714286,3.6797142857142857
amritsar,2019,3,17.874193548387098,10.651612903225804,66.3225806451613,0.2452258064516129
amritsar,2019,4,26.56,15.573333333333332,55.71666666666667,1.2180666666666666
amritsar,2019,5,30.125806451612902,14.019354838709678,41.88709677419355,0.4053870967741935
amritsar,2019,6,33.24,17.490000000000002,42.86,0.8081333333333334
amritsar,2019,7,30.080645161290324,24.270967741935483,73.48064516129033,7.514483870967743
amritsar,2019,8,29.90322580645161,25.283870967741933,77.35161290322581,2.6476774193548387
amritsar,2019,9,28.96,24.05333333333333,76.08333333333333,2.4256666666666664
amritsar,2019,10,23.774193548387096,18.32903225806452,73.71290322580644,0.4146774193548387
amritsar,2019,11,18.183333333333334,13.516666666666667,76.14333333333335,1.7892666666666666
amritsar,2019,12,10.36774193548387,7.938709677419355,86.37741935483871,1.5388387096774194
amritsar,2020,1,10.422580645161291,7.15483870967742,82.28064516129032,1.8157419354838709
amritsar,2020,2,14.53103448275862,9.751724137931037,75.82758620689656,0.6722413793103449
amritsar,2020,3,18.038709677419355,13.422580645161291,76.51612903225806,2.313612903225806
amritsar,2020,4,24.38,16.063333333333333,62.79,1.1977666666666666
amritsar,2020,5,29.770967741935483,16.629032258064516,48.92903225806452,0.3427096774193549
amritsar,2020,6,31.206666666666667,20.72,55.76,1.4042333333333334
amritsar,2020,7,30.68064516129032,24.716129032258067,71.64838709677419,6.66283870967742
amritsar,2020,8,30.0,25.706451612903223,78.64516129032258,6.618806451612903
amritsar,2020,9,29.706666666666667,24.24333333333333,74.08333333333333,0.7945
amritsar,2020,10,24.26129032258065,16.261290322580646,65.14193548387097,0.0
amritsar,2020,11,16.76,10.836666666666668,71.80333333333333,0.4655666666666667
amritsar,2020,12,11.293548387096775,8.24516129032258,83.76129032258065,0.6834193548387096
barnala,2017,1,13.112903225806452,9.33548387096774,80.07741935483871,2.738709677419355
barnala,2017,2,17.125,10.325,68.82857142857144,0.2321428571428571
barnala,2017,3,21.9741935483871,11.170967741935485,55.51290322580645,0.6290322580645161
barnala,2017,4,30.383333333333333,11.513333333333332,34.96666666666667,0.2466666666666666
barnala,2017,5,33.722580645161294,15.451612903225806,36.20645161290323,0.5483870967741935
barnala,2017,6,32.333333333333336,21.49333333333333,57.266666666666666,5.290000000000001
barnala,2017,7,31.574193548387097,25.76129032258065,72.4483870967742,3.470967741935484
barnala,2017,8,31.167741935483868,25.648387096774197,73.81290322580645,2.441935483870968
barnala,2017,9,29.62333333333333,22.956666666666667,70.16666666666667,1.8966666666666667
barnala,2017,10,27.032258064516128,16.738709677419354,56.81612903225806,0.0032258064516129
barnala,2017,11,18.35666666666667,12.69,72.65666666666667,0.2
barnala,2017,12,14.387096774193548,8.238709677419354,70.24516129032257,0.4161290322580645
barnala,2018,1,12.832258064516129,7.509677419354839,74.16451612903225,0.5645161290322581
barnala,2018,2,16.896428571428572,9.667857142857144,66.33571428571429,0.7642857142857142
barnala,2018,3,23.06451612903226,13.529032258064516,58.7483870967742,0.4806451612903226
barnala,2018,4,28.85666666666667,14.323333333333332,45.52333333333333,0.65
barnala,2018,5,32.958064516129035,14.290322580645162,36.13870967741936,0.5709677419354838
barnala,2018,6,33.586666666666666,21.78333333333333,53.32,2.563333333333333
barnala,2018,7,30.72903225806452,25.967741935483872,77.0,6.687096774193548
barnala,2018,8,30.30967741935484,26.238709677419354,79.69354838709677,4.235483870967743
barnala,2018,9,28.27,23.94,78.91666666666667,6.776666666666667
barnala,2018,10,24.41290322580645,17.467741935483872,68.30000000000001,0.2032258064516129
barnala,2018,11,19.290000000000003,12.383333333333333,67.68,0.3433333333333334
barnala,2018,12,13.04516129032258,8.3,76.24193548387096,0.6548387096774193
barnala,2019,1,12.087096774193547,7.774193548387097,77.54516129032258,2.5806451612903225
barnala,2019,2,14.525,10.689285714285717,79.70357142857142,2.607142857142857
barnala,2019,3,19.62903225806452,12.351612903225806,66.48387096774194,0.8580645161290323
barnala,2019,4,28.00333333333333,15.603333333333332,51.43333333333333,1.7433333333333332
barnala,2019,5,31.36774193548387,14.383870967741936,40.23225806451613,0.9161290322580644
barnala,2019,6,34.7,18.72,42.99333333333333,0.5399999999999999
barnala,2019,7,31.00967741935484,25.200000000000003,73.00645161290322,3.603225806451613
barnala,2019,8,30.216129032258067,26.27741935483871,80.19677419354838,6.458064516129033
barnala,2019,9,30.12333333333333,25.05,75.46000000000001,1.086666666666667
barnala,2019,10,25.86774193548387,17.796774193548387,63.75483870967742,0.3548387096774194
barnala,2019,11,19.75333333333333,13.753333333333334,71.04333333333334,1.1866666666666668
barnala,2019,12,11.580645161290322,8.541935483870969,83.49677419354839,0.6483870967741936
barnala,2020,1,11.587096774193547,8.306451612903226,82.11612903225806,1.870967741935484
barnala,2020,2,15.762068965517242,10.093103448275862,72.17241379310344,1.4310344827586208
barnala,2020,3,19.83225806451613,14.290322580645162,73.13870967741936,3.3096774193548386
barnala,2020,4,27.15,14.616666666666667,50.52666666666666,0.9166666666666666
barnala,2020,5,31.348387096774196,16.09032258064516,44.86774193548387,2.177419354838709
barnala,2020,6,32.50666666666667,22.49333333333333,57.92333333333333,0.8766666666666667
barnala,2020,7,31.48709677419355,25.590322580645164,72.59677419354838,3.8774193548387097
barnala,2020,8,30.57741935483871,26.416129032258063,79.26129032258065,3.264516129032258
barnala,2020,9,31.566666666666663,23.05333333333333,63.376666666666665,1.5433333333333332
barnala,2020,10,25.961290322580645,13.596774193548388,50.28064516129032,0.0
barnala,2020,11,17.84333333333333,10.296666666666663,65.17333333333333,1.346666666666667
barnala,2020,12,13.035483870967743,8.85483870967742,78.35161290322581,0.1999999999999999
bathinda,2017,1,13.351612903225806,8.916129032258064,77.19354838709677,1.7483870967741937
bathinda,2017,2,18.125,8.307142857142857,59.81428571428571,0.0821428571428571
bathinda,2017,3,22.90967741935484,10.02258064516129,49.32903225806452,0.4548387096774194
bathinda,2017,4,31.166666666666668,10.68,31.89333333333333,0.25
bathinda,2017,5,34.3258064516129,15.17741935483871,34.28064516129032,0.3677419354838709
bathinda,2017,6,32.776666666666664,21.62333333333333,56.1,4.89
bathinda,2017,7,32.29032258064516,25.425806451612903,68.50967741935484,3.009677419354839
bathinda,2017,8,32.26451612903226,24.916129032258063,66.93548387096774,2.448387096774194
bathinda,2017,9,30.113333333333333,22.516666666666666,66.75,1.3133333333333332
bathinda,2017,10,27.61290322580645,16.35483870967742,53.79677419354839,0.0
bathinda,2017,11,18.55333333333333,12.53,71.16000000000001,0.2366666666666667
bathinda,2017,12,14.609677419354838,7.641935483870968,66.95483870967742,0.4129032258064516
bathinda,2018,1,13.14516129032258,7.532258064516129,72.47419354838709,0.3774193548387096
bathinda,2018,2,17.135714285714286,9.292857142857144,63.8,0.4428571428571428
bathinda,2018,3,23.432258064516127,13.296774193548387,56.81290322580645,0.3677419354838709
bathinda,2018,4,29.41,14.17,43.68666666666666,0.5
bathinda,2018,5,33.567741935483866,14.21935483870968,34.47096774193548,0.4483870967741936
bathinda,2018,6,34.2,21.74333333333333,51.45333333333333,2.543333333333333
bathinda,2018,7,31.467741935483872,25.84193548387097,73.49032258064516,5.558064516129033
bathinda,2018,8,31.18064516129032,25.677419354838708,73.65806451612903,2.5258064516129037
bathinda,2018,9,29.446666666666665,22.89,70.35666666666665,2.85
bathinda,2018,10,25.490322580645163,16.529032258064515,61.33548387096774,0.2483870967741935
bathinda,2018,11,20.25333333333333,11.746666666666666,61.92666666666666,0.2066666666666666
bathinda,2018,12,13.716129032258063,7.941935483870967,71.79032258064517,0.4774193548387096
bathinda,2019,1,12.290322580645162,7.45483870967742,75.1774193548387,1.6709677419354838
bathinda,2019,2,14.74642857142857,9.94285714285714,75.69642857142857,1.6321428571428571
bathinda,2019,3,20.72258064516129,10.761290322580646,58.3258064516129,0.7032258064516129
bathinda,2019,4,28.85666666666667,14.86,47.32,1.7466666666666668
bathinda,2019,5,31.925806451612903,14.69032258064516,39.41612903225807,0.9258064516129032
bathinda,2019,6,35.24,18.60666666666667,41.67,0.5833333333333334
bathinda,2019,7,32.04838709677419,24.92258064516129,67.98387096774194,3.7161290322580647
bathinda,2019,8,31.096774193548388,25.91290322580645,75.00322580645161,3.5548387096774188
bathinda,2019,9,31.28,24.51,68.87333333333332,1.7533333333333334
bathinda,2019,10,26.506451612903227,17.12258064516129,59.15483870967742,0.0290322580645161
bathinda,2019,11,19.563333333333333,14.013333333333332,72.65,1.4766666666666666
bathinda,2019,12,11.616129032258064,8.170967741935485,81.61612903225806,0.7548387096774193
bathinda,2020,1,11.470967741935484,7.941935483870967,80.76451612903226,1.335483870967742
bathinda,2020,2,16.110344827586207,9.841379310344829,69.65862068965517,0.8448275862068966
bathinda,2020,3,19.96451612903226,14.32258064516129,72.73548387096774,3.132258064516129
bathinda,2020,4,27.55,14.573333333333332,49.31666666666667,0.73
bathinda,2020,5,31.687096774193545,16.34193548387097,44.49032258064516,2.393548387096774
bathinda,2020,6,33.16,22.15333333333333,54.85,0.56
bathinda,2020,7,32.616129032258065,25.074193548387097,66.40645161290323,3.1129032258064515
bathinda,2020,8,31.41935483870968,26.10967741935484,74.51290322580645,3.2870967741935484
bathinda,2020,9,32.34,22.113333333333333,58.12,1.5633333333333332
bathinda,2020,10,26.648387096774197,13.225806451612904,47.3258064516129,0.0
bathinda,2020,11,18.173333333333336,10.283333333333331,63.63666666666666,0.7366666666666667
bathinda,2020,12,13.290322580645162,8.503225806451614,75.5,0.2516129032258064
faridkot,2017,1,12.86451612903226,9.270967741935484,80.73870967741935,1.570967741935484
faridkot,2017,2,17.507142857142856,9.153571428571428,64.07857142857144,0.175
faridkot,2017,3,22.490322580645163,9.95483870967742,50.71935483870968,0.6967741935483871
faridkot,2017,4,30.71,10.946666666666664,33.78666666666667,0.5133333333333333
faridkot,2017,5,34.061290322580646,15.212903225806452,34.980645161290326,0.4290322580645161
faridkot,2017,6,32.63333333333333,21.6,56.7,3.8433333333333337
faridkot,2017,7,31.725806451612904,26.038709677419355,73.10645161290323,4.748387096774194
faridkot,2017,8,31.432258064516127,25.73225806451613,73.1774193548387,3.1193548387096777
faridkot,2017,9,29.473333333333336,23.183333333333334,71.20333333333333,1.6233333333333335
faridkot,2017,10,26.616129032258065,17.57741935483871,61.07096774193548,0.0193548387096774
faridkot,2017,11,18.063333333333333,12.843333333333334,74.41333333333334,0.3
faridkot,2017,12,14.1,7.874193548387097,69.53870967741935,0.4096774193548387
faridkot,2018,1,12.735483870967744,7.416129032258064,73.40322580645162,0.3225806451612903
faridkot,2018,2,17.007142857142856,8.642857142857142,62.285714285714285,0.6678571428571429
faridkot,2018,3,23.37741935483871,12.90967741935484,56.05483870967742,0.3387096774193548
faridkot,2018,4,29.25,14.056666666666668,44.193333333333335,0.42
faridkot,2018,5,33.23870967741936,13.983870967741936,34.62580645161291,0.7387096774193548
faridkot,2018,6,33.89,21.66333333333333,52.17,3.0766666666666667
faridkot,2018,7,31.041935483870965,26.17419354838709,76.48064516129033,6.358064516129032
faridkot,2018,8,31.18387096774193,25.916129032258063,74.6741935483871,2.041935483870968
faridkot,2018,9,28.98,23.22,73.26333333333334,4.930000000000001
faridkot,2018,10,24.81290322580645,16.906451612903226,64.59032258064516,0.1290322580645161
faridkot,2018,11,19.40666666666667,12.023333333333332,65.79666666666667,0.24
faridkot,2018,12,12.98709677419355,8.25483870967742,75.80645161290323,0.6580645161290322
faridkot,2019,1,11.751612903225809,7.577419354838709,77.69999999999999,1.832258064516129
faridkot,2019,2,14.185714285714283,10.321428571428571,79.34642857142856,1.95
faridkot,2019,3,19.567741935483877,11.82258064516129,65.01290322580645,0.5548387096774193
faridkot,2019,4,27.973333333333336,15.41,50.79,1.4166666666666667
faridkot,2019,5,31.67419354838709,14.55483870967742,39.65483870967742,0.7580645161290323
faridkot,2019,6,34.64666666666667,18.92,43.60666666666667,0.8066666666666666
faridkot,2019,7,31.47741935483871,25.41290322580645,72.10645161290323,5.145161290322581
faridkot,2019,8,30.816129032258065,26.200000000000003,77.4258064516129,3.441935483870968
faridkot,2019,9,30.58,24.98,73.37666666666668,1.5533333333333337
faridkot,2019,10,25.61290322580645,17.896774193548385,65.0741935483871,0.2451612903225806
faridkot,2019,11,19.26,13.993333333333334,73.80333333333333,1.1
faridkot,2019,12,11.303225806451612,8.196774193548388,83.23225806451612,0.7290322580645162
faridkot,2020,1,11.15483870967742,7.906451612903226,81.94516129032259,1.2999999999999998
faridkot,2020,2,15.751724137931037,10.044827586206896,71.61724137931034,1.8103448275862069
faridkot,2020,3,19.22258064516129,14.535483870967743,76.42258064516129,3.470967741935484
faridkot,2020,4,26.426666666666662,15.51,55.23333333333333,0.69
faridkot,2020,5,31.25161290322581,16.5258064516129,45.648387096774194,2.074193548387097
faridkot,2020,6,32.71,22.316666666666663,56.60666666666667,0.4966666666666666
faridkot,2020,7,31.993548387096773,25.46451612903226,69.97419354838709,2.8225806451612905
faridkot,2020,8,31.14516129032258,26.370967741935484,76.85483870967742,4.416129032258064
faridkot,2020,9,31.176666666666662,23.236666666666668,65.14666666666668,2.036666666666666
faridkot,2020,10,25.66774193548387,14.303225806451612,53.10967741935484,0.0
faridkot,2020,11,17.756666666666668,10.333333333333334,65.52333333333334,0.46
faridkot,2020,12,12.883870967741936,8.529032258064515,77.31935483870969,0.3419354838709677
fatehgarhsahib,2017,1,13.341935483870968,9.55483870967742,79.9258064516129,3.9353225806451615
fatehgarhsahib,2017,2,17.175,11.417857142857144,72.31785714285715,0.3713214285714286
fatehgarhsahib,2017,3,21.25483870967742,11.12258064516129,57.00967741935484,0.9291935483870968
fatehgarhsahib,2017,4,29.35,10.906666666666666,35.690000000000005,0.6173
fatehgarhsahib,2017,5,32.26774193548387,14.929032258064517,38.13548387096775,0.6613225806451613
fatehgarhsahib,2017,6,31.27,20.8,59.10666666666667,5.276366666666666
fatehgarhsahib,2017,7,30.335483870967742,25.32903225806452,75.49354838709678,5.577258064516129
fatehgarhsahib,2017,8,29.26451612903226,25.787096774193547,82.20645161290322,13.875612903225807
fatehgarhsahib,2017,9,28.086666666666662,23.43,77.47333333333333,4.705
fatehgarhsahib,2017,10,25.73548387096774,16.919354838709676,61.19677419354839,0.0
fatehgarhsahib,2017,11,18.25,12.44,71.72333333333333,0.03
fatehgarhsahib,2017,12,14.567741935483872,9.783870967741937,75.9258064516129,0.6594193548387097
fatehgarhsahib,2018,1,12.803225806451612,7.922580645161291,75.58709677419354,0.3238387096774194
fatehgarhsahib,2018,2,17.285714285714285,9.24642857142857,63.56428571428571,1.1425357142857142
fatehgarhsahib,2018,3,23.07741935483871,12.264516129032256,54.622580645161285,0.0802903225806451
fatehgarhsahib,2018,4,28.08,14.05,46.05,1.3238666666666667
fatehgarhsahib,2018,5,31.83870967741936,14.383870967741936,38.68709677419355,0.8924193548387096
fatehgarhsahib,2018,6,32.013333333333335,22.216666666666665,58.71,5.881966666666667
fatehgarhsahib,2018,7,29.861290322580647,25.50967741935484,78.45806451612903,8.325258064516127
fatehgarhsahib,2018,8,29.164516129032258,25.887096774193548,83.18064516129031,7.250419354838709
fatehgarhsahib,2018,9,27.23333333333333,23.78333333333333,82.55,10.359033333333334
fatehgarhsahib,2018,10,23.351612903225806,16.40967741935484,68.35161290322581,0.4642258064516129
fatehgarhsahib,2018,11,18.67,11.89,68.06333333333333,0.3014666666666666
fatehgarhsahib,2018,12,12.935483870967742,8.070967741935483,75.6258064516129,0.6800645161290323
fatehgarhsahib,2019,1,12.40967741935484,8.087096774193547,77.15483870967742,0.860258064516129
fatehgarhsahib,2019,2,14.967857142857143,11.339285714285714,81.05357142857143,1.9364285714285716
fatehgarhsahib,2019,3,19.22258064516129,12.48709677419355,68.67096774193548,0.7439677419354839
fatehgarhsahib,2019,4,27.46333333333333,14.693333333333332,50.27,1.2301333333333335
fatehgarhsahib,2019,5,30.98064516129032,11.76774193548387,35.190322580645166,0.7441290322580646
fatehgarhsahib,2019,6,33.17333333333333,17.876666666666665,43.85333333333333,1.4309333333333334
fatehgarhsahib,2019,7,29.506451612903227,26.33870967741936,84.91612903225807,10.965677419354838
fatehgarhsahib,2019,8,29.270967741935483,26.896774193548385,87.89354838709677,9.485096774193549
fatehgarhsahib,2019,9,28.99333333333333,25.24,81.18666666666667,5.9478333333333335
fatehgarhsahib,2019,10,24.73548387096774,19.248387096774195,73.95483870967742,0.1430322580645161
fatehgarhsahib,2019,11,19.33333333333333,14.186666666666667,74.55666666666666,1.7492333333333334
fatehgarhsahib,2019,12,11.806451612903226,9.216129032258063,85.42903225806452,0.8850000000000001
fatehgarhsahib,2020,1,11.996774193548386,9.048387096774194,83.51290322580645,1.9211290322580643
fatehgarhsahib,2020,2,15.66896551724138,10.83793103448276,75.1103448275862,0.2434827586206896
fatehgarhsahib,2020,3,19.448387096774194,13.761290322580646,71.69032258064516,2.782516129032258
fatehgarhsahib,2020,4,25.646666666666665,15.25,55.906666666666666,1.965666666666667
fatehgarhsahib,2020,5,29.76129032258065,16.403225806451612,48.561290322580646,3.60641935483871
fatehgarhsahib,2020,6,31.30333333333333,22.773333333333333,62.47666666666667,2.982966666666667
fatehgarhsahib,2020,7,30.258064516129032,26.15806451612903,79.99354838709678,10.20993548387097
fatehgarhsahib,2020,8,29.845161290322583,26.44193548387097,83.57096774193548,10.78958064516129
fatehgarhsahib,2020,9,29.966666666666665,25.25333333333333,78.04666666666667,0.2403666666666666
fatehgarhsahib,2020,10,25.274193548387096,14.96774193548387,56.70645161290323,0.0
fatehgarhsahib,2020,11,17.740000000000002,10.943333333333332,67.65333333333334,0.537
fatehgarhsahib,2020,12,13.161290322580646,9.374193548387098,79.88709677419355,0.4456774193548387
fazilka,2017,1,13.041935483870969,8.874193548387098,78.06129032258065,0.7193548387096774
fazilka,2017,2,17.521428571428572,9.15,62.48214285714285,0.3142857142857142
fazilka,2017,3,22.274193548387096,11.516129032258064,54.65806451612903,0.3548387096774194
fazilka,2017,4,30.626666666666665,12.066666666666666,36.20333333333333,0.2933333333333333
fazilka,2017,5,34.04838709677419,16.025806451612905,36.76774193548387,0.5258064516129033
fazilka,2017,6,33.08,21.91333333333333,55.61666666666667,1.6966666666666663
fazilka,2017,7,33.21935483870968,24.84193548387097,63.41290322580645,2.435483870967742
fazilka,2017,8,33.306451612903224,23.961290322580645,60.25806451612903,2.667741935483871
fazilka,2017,9,30.523333333333333,22.276666666666664,64.35,1.4466666666666663
fazilka,2017,10,27.55806451612903,16.719354838709677,55.18387096774194,0.0064516129032258
fazilka,2017,11,18.246666666666663,12.46,72.42,0.1233333333333333
fazilka,2017,12,14.567741935483872,7.264516129032257,65.64516129032258,0.332258064516129
fazilka,2018,1,13.070967741935483,7.561290322580645,72.47096774193548,0.2290322580645161
fazilka,2018,2,17.175,9.757142857142856,65.02857142857142,0.3535714285714285
fazilka,2018,3,23.458064516129035,13.59032258064516,58.251612903225805,0.3161290322580645
fazilka,2018,4,29.73,13.82,42.10666666666667,0.5399999999999999
fazilka,2018,5,33.78387096774193,14.003225806451614,33.34838709677419,0.3870967741935484
fazilka,2018,6,33.833333333333336,22.186666666666667,53.98,3.1966666666666663
fazilka,2018,7,32.16129032258065,25.661290322580644,70.1032258064516,5.090322580645162
fazilka,2018,8,32.458064516129035,24.654838709677417,64.73225806451613,1.4774193548387096
fazilka,2018,9,30.56,22.00333333333333,62.61666666666667,0.6233333333333333
fazilka,2018,10,26.006451612903227,15.716129032258063,56.461290322580645,0.1516129032258064
fazilka,2018,11,20.116666666666667,11.61,61.47,0.0633333333333333
fazilka,2018,12,13.758064516129032,7.806451612903226,70.70322580645161,0.3
fazilka,2019,1,12.441935483870967,7.241935483870968,73.38064516129033,0.8516129032258064
fazilka,2019,2,14.625,9.335714285714284,73.375,1.7392857142857143
fazilka,2019,3,20.335483870967742,11.129032258064516,59.74516129032258,0.7354838709677419
fazilka,2019,4,28.816666666666663,14.933333333333334,47.53333333333333,0.7799999999999999
fazilka,2019,5,32.05806451612903,15.290322580645162,40.81290322580645,1.0129032258064516
fazilka,2019,6,34.93666666666666,19.55333333333333,44.6,0.62
fazilka,2019,7,32.86129032258064,24.90967741935484,65.13225806451612,3.4612903225806453
fazilka,2019,8,32.18709677419355,25.42258064516129,69.14838709677419,2.570967741935484
fazilka,2019,9,32.11,24.12,64.77,1.0533333333333337
fazilka,2019,10,26.22258064516129,17.396774193548385,61.02903225806451,0.2903225806451613
fazilka,2019,11,19.44,13.776666666666667,72.26333333333334,0.56
fazilka,2019,12,11.416129032258064,7.632258064516129,80.37096774193549,1.3548387096774193
fazilka,2020,1,11.45483870967742,7.906451612903226,80.5741935483871,1.2548387096774194
fazilka,2020,2,16.43103448275862,9.779310344827588,67.88620689655173,0.3344827586206897
fazilka,2020,3,19.62903225806452,14.329032258064515,73.88387096774194,3.819354838709677
fazilka,2020,4,26.95,15.64,53.64333333333333,0.4966666666666667
fazilka,2020,5,31.84193548387097,16.780645161290323,44.73870967741936,1.261290322580645
fazilka,2020,6,33.67666666666666,22.24,53.68666666666666,0.8566666666666667
fazilka,2020,7,33.08387096774193,25.15806451612903,64.93225806451613,1.7064516129032257
fazilka,2020,8,32.04838709677419,26.06451612903226,72.02258064516128,3.3193548387096774
fazilka,2020,9,31.37333333333333,23.39,65.08,2.3766666666666665
fazilka,2020,10,26.01935483870968,15.332258064516129,55.2483870967742,0.0
fazilka,2020,11,18.040000000000003,10.983333333333333,66.49666666666667,0.35
fazilka,2020,12,13.158064516129032,8.606451612903227,76.34193548387097,0.4129032258064515
ferozepur,2017,1,12.958064516129031,9.638709677419357,82.20322580645161,2.174193548387097
ferozepur,2017,2,16.675,11.103571428571428,72.97857142857143,0.3821428571428571
ferozepur,2017,3,21.003225806451614,12.061290322580644,61.096774193548384,1.283870967741935
ferozepur,2017,4,29.423333333333336,12.343333333333334,38.81,1.0733333333333337
ferozepur,2017,5,32.877419354838715,16.135483870967743,39.6,0.6096774193548387
ferozepur,2017,6,31.936666666666667,21.236666666666668,57.68666666666666,4.496666666666667
ferozepur,2017,7,31.070967741935487,25.990322580645163,75.34193548387097,3.5354838709677416
ferozepur,2017,8,30.287096774193547,26.05806451612903,79.09032258064516,13.687096774193549
ferozepur,2017,9,29.45,23.02,71.38666666666667,4.89
ferozepur,2017,10,26.76451612903226,17.187096774193545,59.596774193548384,0.0032258064516129
ferozepur,2017,11,18.10666666666667,12.833333333333334,74.40333333333334,0.1166666666666666
ferozepur,2017,12,14.229032258064516,9.05483870967742,74.42903225806452,0.5806451612903226
ferozepur,2018,1,12.541935483870969,7.854838709677419,77.09032258064516,0.5806451612903226
ferozepur,2018,2,16.72142857142857,9.975,68.53928571428571,0.8821428571428571
ferozepur,2018,3,22.95483870967742,13.751612903225809,60.380645161290325,0.0741935483870967
ferozepur,2018,4,28.64333333333333,14.453333333333337,46.57666666666667,0.5133333333333333
ferozepur,2018,5,32.57096774193548,14.906451612903227,38.53870967741936,0.7032258064516129
ferozepur,2018,6,32.93666666666667,22.040000000000003,56.22,5.3533333333333335
ferozepur,2018,7,30.33225806451613,26.061290322580643,79.03870967741935,8.95483870967742
ferozepur,2018,8,29.81935483870968,26.44193548387097,82.85806451612903,6.012903225806451
ferozepur,2018,9,27.633333333333333,24.16333333333333,82.62666666666668,12.386666666666668
ferozepur,2018,10,23.86774193548387,17.664516129032258,70.93225806451613,0.2548387096774193
ferozepur,2018,11,18.826666666666664,12.67,70.72333333333333,0.3166666666666666
ferozepur,2018,12,12.706451612903225,8.574193548387097,78.73870967741935,1.7129032258064514
ferozepur,2019,1,11.906451612903227,8.048387096774194,79.46451612903226,1.1064516129032258
ferozepur,2019,2,14.471428571428572,11.007142857142856,81.23928571428571,3.0464285714285717
ferozepur,2019,3,19.070967741935487,12.803225806451612,70.04516129032258,0.7064516129032258
ferozepur,2019,4,27.40333333333333,16.113333333333333,54.580000000000005,1.4
ferozepur,2019,5,30.76774193548387,14.958064516129031,42.84193548387096,1.0258064516129033
ferozepur,2019,6,33.95,19.113333333333333,45.57333333333334,1.2466666666666666
ferozepur,2019,7,30.374193548387098,25.39032258064516,76.3741935483871,12.880645161290325
ferozepur,2019,8,29.81935483870968,26.296774193548387,82.11612903225806,11.248387096774191
ferozepur,2019,9,29.366666666666667,25.273333333333333,79.73666666666666,8.166666666666666
ferozepur,2019,10,25.10967741935484,18.361290322580647,69.13870967741936,0.4709677419354838
ferozepur,2019,11,19.313333333333333,13.903333333333334,73.61,2.123333333333333
ferozepur,2019,12,11.370967741935484,8.85483870967742,86.12258064516129,0.2064516129032258
ferozepur,2020,1,11.46774193548387,8.693548387096774,84.61290322580645,1.403225806451613
ferozepur,2020,2,15.303448275862069,10.675862068965518,76.4448275862069,0.7103448275862069
ferozepur,2020,3,19.26451612903226,14.5,76.13225806451612,3.861290322580645
ferozepur,2020,4,25.82333333333333,15.993333333333334,58.80333333333333,2.0
ferozepur,2020,5,30.151612903225807,16.81935483870968,49.57741935483871,3.770967741935484
ferozepur,2020,6,31.62,23.223333333333336,63.32333333333334,2.4266666666666667
ferozepur,2020,7,30.73225806451613,25.88064516129032,76.6032258064516,11.690322580645162
ferozepur,2020,8,30.12258064516129,26.50967741935484,81.7741935483871,5.77741935483871
ferozepur,2020,9,30.82333333333333,23.88,68.99,0.6833333333333333
ferozepur,2020,10,25.48709677419355,14.48709677419355,54.88709677419355,0.0
ferozepur,2020,11,17.740000000000002,10.496666666666666,66.27333333333334,0.5
ferozepur,2020,12,12.838709677419354,9.087096774193547,80.30967741935484,0.4
gurdaspur,2017,1,12.003225806451614,10.28064516129032,91.30322580645162,1.5451612903225806
gurdaspur,2017,2,15.610714285714286,11.603571428571428,81.01428571428572,0.2214285714285714
gurdaspur,2017,3,19.32903225806452,13.574193548387097,73.97096774193548,0.8935483870967743
gurdaspur,2017,4,27.30666666666667,12.173333333333334,45.123333333333335,1.4233333333333331
gurdaspur,2017,5,31.44516129032258,14.65483870967742,39.99354838709677,0.6935483870967742
gurdaspur,2017,6,31.01,21.40666666666667,62.96666666666667,6.34
gurdaspur,2017,7,30.541935483870965,28.5258064516129,90.08709677419354,9.251612903225809
gurdaspur,2017,8,29.80967741935484,28.206451612903223,91.9967741935484,3.5612903225806454
gurdaspur,2017,9,28.30666666666667,25.2,85.38666666666667,0.4599999999999999
gurdaspur,2017,10,25.09032258064516,20.070967741935487,77.04516129032258,0.0
gurdaspur,2017,11,16.723333333333333,12.726666666666668,80.81666666666666,0.1166666666666666
gurdaspur,2017,12,13.01290322580645,8.383870967741935,77.8967741935484,0.4838709677419355
gurdaspur,2018,1,11.464516129032257,7.800000000000001,82.10645161290323,0.2064516129032258
gurdaspur,2018,2,15.357142857142858,10.44285714285714,76.46428571428571,0.625
gurdaspur,2018,3,20.82903225806452,14.216129032258063,70.68387096774192,0.1774193548387097
gurdaspur,2018,4,26.496666666666663,15.793333333333331,57.873333333333335,0.9266666666666666
gurdaspur,2018,5,31.10967741935484,13.303225806451612,38.62580645161291,0.1741935483870967
gurdaspur,2018,6,31.976666666666667,20.47,55.14,4.180000000000001
gurdaspur,2018,7,30.212903225806453,24.835483870967742,74.80645161290323,7.445161290322581
gurdaspur,2018,8,30.151612903225807,25.36774193548387,76.90967741935484,2.9612903225806453
gurdaspur,2018,9,27.676666666666662,22.65666666666667,76.07666666666667,10.443333333333332
gurdaspur,2018,10,23.19677419354839,17.229032258064517,71.85161290322581,0.7096774193548387
gurdaspur,2018,11,17.686666666666667,12.046666666666663,72.93,0.2166666666666666
gurdaspur,2018,12,11.98709677419355,7.493548387096775,77.86451612903227,0.0225806451612903
gurdaspur,2019,1,10.97741935483871,7.27741935483871,80.86774193548388,0.7612903225806452
gurdaspur,2019,2,13.596428571428572,9.721428571428572,80.58928571428571,3.835714285714286
gurdaspur,2019,3,17.783870967741933,10.761290322580646,67.28709677419356,0.2967741935483871
gurdaspur,2019,4,26.473333333333336,15.69,56.580000000000005,1.09
gurdaspur,2019,5,30.00967741935484,14.080645161290322,42.41612903225807,0.3774193548387096
gurdaspur,2019,6,33.2,17.55,43.11666666666667,0.76
gurdaspur,2019,7,30.05483870967742,24.39354838709677,74.1,7.509677419354839
gurdaspur,2019,8,29.816129032258065,25.493548387096773,78.73870967741935,2.57741935483871
gurdaspur,2019,9,28.85,24.24,77.42,2.353333333333333
gurdaspur,2019,10,23.67419354838709,18.4741935483871,74.77741935483871,0.3258064516129032
gurdaspur,2019,11,18.10666666666667,13.833333333333334,77.90666666666667,2.1966666666666668
gurdaspur,2019,12,10.358064516129032,8.138709677419355,87.42258064516129,1.5967741935483872
gurdaspur,2020,1,10.448387096774193,7.341935483870968,83.03870967741935,1.7870967741935486
gurdaspur,2020,2,14.475862068965515,9.865517241379312,76.50689655172413,0.6896551724137931
gurdaspur,2020,3,18.02258064516129,13.59032258064516,77.25483870967743,2.3806451612903223
gurdaspur,2020,4,24.26,16.206666666666667,63.833333333333336,1.1466666666666667
gurdaspur,2020,5,29.648387096774197,16.690322580645162,49.4741935483871,0.3
gurdaspur,2020,6,31.076666666666664,20.796666666666667,56.38333333333333,1.4066666666666665
gurdaspur,2020,7,30.61290322580645,24.81935483870968,72.37741935483871,6.641935483870968
gurdaspur,2020,8,29.9,25.906451612903226,79.91935483870968,6.583870967741936
gurdaspur,2020,9,29.53333333333333,24.4,75.45,0.6433333333333333
gurdaspur,2020,10,24.10967741935484,16.393548387096775,66.19032258064516,0.0
gurdaspur,2020,11,16.683333333333334,11.07,72.97333333333333,0.4633333333333333
gurdaspur,2020,12,11.3,8.312903225806451,84.25161290322582,0.532258064516129
hoshiarpur,2017,1,12.77741935483871,9.261290322580646,81.29354838709678,6.254838709677419
hoshiarpur,2017,2,16.492857142857144,11.5,75.15714285714286,3.932142857142857
hoshiarpur,2017,3,19.64516129032258,12.067741935483872,65.84193548387097,2.0903225806451613
hoshiarpur,2017,4,27.89,13.02,44.45333333333333,0.81
hoshiarpur,2017,5,30.990322580645163,15.98709677419355,43.85806451612903,1.3548387096774193
hoshiarpur,2017,6,30.613333333333333,20.31,58.586666666666666,6.22
hoshiarpur,2017,7,29.700000000000003,25.55483870967742,79.39032258064516,7.406451612903226
hoshiarpur,2017,8,28.925806451612903,25.625806451612902,83.20645161290322,5.670967741935484
hoshiarpur,2017,9,28.273333333333333,23.30333333333333,76.76,1.2366666666666668
hoshiarpur,2017,10,25.55806451612903,17.016129032258064,63.09032258064516,0.0451612903225806
hoshiarpur,2017,11,17.45,12.536666666666669,75.71000000000001,0.7233333333333333
hoshiarpur,2017,12,14.029032258064516,9.503225806451614,77.39354838709677,1.335483870967742
hoshiarpur,2018,1,12.464516129032257,7.390322580645161,74.95161290322581,0.3451612903225806
hoshiarpur,2018,2,16.70714285714286,9.221428571428572,65.775,1.6785714285714286
hoshiarpur,2018,3,21.990322580645163,12.432258064516128,59.274193548387096,1.1806451612903226
hoshiarpur,2018,4,27.06,14.113333333333332,49.54333333333333,1.1033333333333333
hoshiarpur,2018,5,31.31935483870968,12.87741935483871,37.480645161290326,0.8870967741935483
hoshiarpur,2018,6,31.726666666666667,21.23,57.36,3.54
hoshiarpur,2018,7,29.270967741935483,25.293548387096774,80.13870967741936,12.790322580645162
hoshiarpur,2018,8,28.89354838709677,25.516129032258064,82.74193548387096,7.409677419354838
hoshiarpur,2018,9,26.80666666666667,23.276666666666664,82.18333333333334,9.696666666666664
hoshiarpur,2018,10,22.967741935483872,16.309677419354838,69.50967741935484,0.2806451612903226
hoshiarpur,2018,11,17.95,12.42,73.23,1.0566666666666666
hoshiarpur,2018,12,12.59032258064516,7.932258064516129,76.50967741935484,0.5387096774193548
hoshiarpur,2019,1,11.958064516129031,7.522580645161291,76.92903225806452,2.851612903225807
hoshiarpur,2019,2,14.3,10.389285714285714,79.26071428571429,6.785714285714286
hoshiarpur,2019,3,18.62903225806452,12.290322580645162,69.96774193548387,1.3709677419354838
hoshiarpur,2019,4,26.60666666666667,15.006666666666666,54.28,1.7733333333333334
hoshiarpur,2019,5,29.62258064516129,13.71935483870968,43.21935483870968,1.2935483870967743
hoshiarpur,2019,6,32.86,17.573333333333334,44.29666666666667,1.1766666666666663
hoshiarpur,2019,7,29.23225806451613,24.57741935483871,77.68709677419355,10.674193548387096
hoshiarpur,2019,8,29.003225806451614,25.51935483870968,82.3258064516129,9.09032258064516
hoshiarpur,2019,9,28.15333333333333,24.64,82.11999999999999,2.8433333333333333
hoshiarpur,2019,10,23.738709677419354,18.59354838709677,75.61612903225806,0.5064516129032258
hoshiarpur,2019,11,18.6,14.29,78.3,3.013333333333333
hoshiarpur,2019,12,11.303225806451612,9.09032258064516,87.69354838709677,2.1322580645161286
hoshiarpur,2020,1,11.687096774193549,8.780645161290321,84.01935483870967,3.661290322580645
hoshiarpur,2020,2,15.317241379310344,10.420689655172414,75.42758620689655,0.7827586206896552
hoshiarpur,2020,3,18.574193548387097,13.6,74.95483870967742,5.645161290322581
hoshiarpur,2020,4,24.423333333333336,15.49,61.39333333333333,2.68
hoshiarpur,2020,5,28.493548387096773,16.532258064516128,53.33870967741935,2.480645161290323
hoshiarpur,2020,6,30.236666666666668,22.12,64.29,1.4333333333333331
hoshiarpur,2020,7,29.58709677419355,25.187096774193545,78.26774193548388,6.758064516129032
hoshiarpur,2020,8,29.18387096774193,25.983870967741936,83.59354838709677,6.9
hoshiarpur,2020,9,29.73333333333333,23.756666666666668,72.64333333333335,1.51
hoshiarpur,2020,10,24.993548387096773,14.112903225806452,55.73548387096774,0.0064516129032258
hoshiarpur,2020,11,17.733333333333334,10.263333333333332,65.81666666666666,0.7433333333333334
hoshiarpur,2020,12,13.148387096774194,8.829032258064515,78.06774193548387,0.964516129032258
jalandhar,2017,1,12.838709677419354,9.616129032258064,82.6741935483871,7.65483870967742
jalandhar,2017,2,16.353571428571428,11.617857142857144,76.24285714285715,1.7642857142857142
jalandhar,2017,3,19.76129032258065,13.025806451612905,68.9258064516129,2.332258064516129
jalandhar,2017,4,28.28,14.096666666666666,45.91333333333333,0.6266666666666667
jalandhar,2017,5,32.116129032258065,16.438709677419357,41.91290322580645,0.9129032258064516
jalandhar,2017,6,31.486666666666668,21.60666666666667,59.71,5.043333333333334
jalandhar,2017,7,30.651612903225807,26.38064516129032,78.80322580645162,7.364516129032259
jalandhar,2017,8,29.780645161290323,26.506451612903227,83.38387096774194,5.158064516129032
jalandhar,2017,9,28.67,24.216666666666665,78.56666666666666,1.45
jalandhar,2017,10,25.67419354838709,18.72258064516129,68.33870967741936,0.0967741935483871
jalandhar,2017,11,17.41,13.41,79.83333333333333,1.5633333333333332
jalandhar,2017,12,13.4,9.464516129032257,79.78709677419356,0.9548387096774194
jalandhar,2018,1,11.59032258064516,8.058064516129033,81.69999999999999,0.7419354838709677
jalandhar,2018,2,15.546428571428573,10.735714285714286,76.03928571428571,2.582142857142857
jalandhar,2018,3,21.5258064516129,14.787096774193548,68.62903225806451,0.8806451612903226
jalandhar,2018,4,26.866666666666667,16.076666666666668,55.62,0.9833333333333332
jalandhar,2018,5,31.14516129032258,15.319354838709677,42.41290322580645,0.8548387096774194
jalandhar,2018,6,32.39333333333333,22.266666666666666,58.27333333333333,3.07
jalandhar,2018,7,30.13225806451613,26.09354838709677,79.92258064516129,8.748387096774193
jalandhar,2018,8,29.861290322580647,26.448387096774194,82.66451612903225,6.374193548387097
jalandhar,2018,9,27.57333333333333,24.10333333333333,82.46333333333334,12.47
jalandhar,2018,10,23.76451612903226,18.006451612903227,73.02580645161291,0.4451612903225806
jalandhar,2018,11,18.176666666666662,12.836666666666668,74.16666666666667,0.95
jalandhar,2018,12,12.40967741935484,8.396774193548387,79.57741935483871,0.6419354838709677
jalandhar,2019,1,11.687096774193549,7.906451612903226,79.97096774193548,2.264516129032258
jalandhar,2019,2,14.389285714285714,10.87142857142857,81.32142857142857,6.775
jalandhar,2019,3,18.774193548387096,12.961290322580645,72.16451612903225,1.1161290322580646
jalandhar,2019,4,26.75,16.52,57.9,2.023333333333333
jalandhar,2019,5,29.748387096774195,15.82258064516129,47.60322580645161,0.8709677419354839
jalandhar,2019,6,32.84,19.923333333333336,50.34,1.06
jalandhar,2019,7,29.92258064516129,25.52258064516129,78.6,8.238709677419354
jalandhar,2019,8,29.80322580645161,26.26774193548387,82.06451612903226,7.458064516129032
jalandhar,2019,9,29.01,25.5,82.17,2.4133333333333336
jalandhar,2019,10,24.60322580645161,19.16774193548387,74.06451612903226,0.2419354838709677
jalandhar,2019,11,19.01,14.48,77.41333333333334,2.7
jalandhar,2019,12,11.083870967741936,8.97741935483871,88.3258064516129,1.283870967741935
jalandhar,2020,1,11.432258064516128,8.67741935483871,84.71935483870968,2.429032258064516
jalandhar,2020,2,15.110344827586207,10.796551724137933,77.98620689655172,1.5413793103448277
jalandhar,2020,3,18.932258064516127,14.435483870967742,77.24838709677418,4.958064516129032
jalandhar,2020,4,24.976666666666667,16.456666666666667,62.92,2.81
jalandhar,2020,5,29.006451612903227,18.016129032258064,55.7,2.7225806451612904
jalandhar,2020,6,30.90666666666667,23.41333333333333,66.37666666666667,0.62
jalandhar,2020,7,30.41290322580645,25.983870967741936,78.34193548387097,5.674193548387097
jalandhar,2020,8,29.925806451612903,26.68064516129032,83.37741935483871,6.254838709677419
jalandhar,2020,9,30.126666666666665,24.936666666666667,75.34666666666666,1.4633333333333334
jalandhar,2020,10,24.68387096774193,15.838709677419354,61.81290322580645,0.0
jalandhar,2020,11,17.206666666666667,11.02,70.83333333333333,0.9133333333333332
jalandhar,2020,12,12.396774193548389,8.974193548387097,82.15483870967742,0.6225806451612903
kapurthala,2017,1,12.061290322580644,10.193548387096774,90.52258064516128,1.4774193548387096
kapurthala,2017,2,15.610714285714286,11.510714285714286,80.58928571428571,0.2392857142857143
kapurthala,2017,3,19.374193548387098,13.480645161290322,73.51935483870967,0.8
kapurthala,2017,4,27.433333333333334,12.183333333333334,44.76,1.393333333333333
kapurthala,2017,5,31.55161290322581,14.658064516129032,39.70322580645161,0.8032258064516129
kapurthala,2017,6,31.05333333333333,21.42,62.79333333333333,6.326666666666667
kapurthala,2017,7,30.561290322580643,28.429032258064517,89.43870967741935,9.241935483870968
kapurthala,2017,8,29.81935483870968,28.106451612903225,91.4967741935484,3.612903225806452
kapurthala,2017,9,28.296666666666667,25.136666666666667,85.06,0.4833333333333333
kapurthala,2017,10,25.125806451612902,20.03548387096774,76.77741935483871,0.0
kapurthala,2017,11,16.75,12.766666666666667,80.9,0.09
kapurthala,2017,12,13.03225806451613,8.390322580645162,77.81612903225808,0.4645161290322581
kapurthala,2018,1,11.480645161290322,7.758064516129032,81.99354838709678,0.2
kapurthala,2018,2,15.339285714285714,10.410714285714286,76.51785714285714,0.6714285714285715
kapurthala,2018,3,20.91290322580645,14.206451612903225,70.38387096774194,0.1193548387096774
kapurthala,2018,4,26.72,15.623333333333331,56.81333333333334,0.9333333333333332
kapurthala,2018,5,31.451612903225808,13.312903225806451,37.88709677419355,0.1193548387096774
kapurthala,2018,6,32.03666666666667,20.55,55.11,4.196666666666666
kapurthala,2018,7,30.200000000000003,24.90322580645161,75.00645161290322,7.45483870967742
kapurthala,2018,8,30.151612903225807,25.44516129032258,77.19032258064516,2.796774193548387
kapurthala,2018,9,27.686666666666667,22.75,76.38000000000001,10.613333333333332
kapurthala,2018,10,23.3,17.30322580645161,71.86451612903227,0.7096774193548387
kapurthala,2018,11,17.746666666666666,12.023333333333332,72.81666666666666,0.2066666666666666
kapurthala,2018,12,12.019354838709678,7.464516129032258,77.67096774193548,0.0096774193548387
kapurthala,2019,1,11.038709677419355,7.27741935483871,80.62903225806451,0.6806451612903226
kapurthala,2019,2,13.614285714285714,9.771428571428572,80.70357142857142,3.85
kapurthala,2019,3,17.861290322580647,10.838709677419354,67.3258064516129,0.2419354838709677
kapurthala,2019,4,26.506666666666668,15.653333333333334,56.46333333333333,1.09
kapurthala,2019,5,30.05483870967742,13.993548387096777,42.3,0.3709677419354839
kapurthala,2019,6,33.21333333333333,17.596666666666668,43.23333333333333,0.7266666666666667
kapurthala,2019,7,30.016129032258064,24.44516129032258,74.29032258064517,7.335483870967742
kapurthala,2019,8,29.825806451612905,25.53548387096774,78.88387096774194,2.419354838709677
kapurthala,2019,9,28.846666666666668,24.293333333333333,77.58,2.183333333333333
kapurthala,2019,10,23.73225806451613,18.44193548387097,74.45806451612903,0.3258064516129032
kapurthala,2019,11,18.186666666666667,13.79,77.41333333333334,2.0
kapurthala,2019,12,10.36774193548387,8.119354838709677,87.3258064516129,1.6
kapurthala,2020,1,10.48709677419355,7.358064516129032,82.97096774193548,1.7870967741935486
kapurthala,2020,2,14.524137931034485,9.827586206896552,76.30344827586208,0.6896551724137931
kapurthala,2020,3,18.07741935483871,13.59032258064516,77.06774193548387,1.9806451612903224
kapurthala,2020,4,24.36,16.096666666666668,63.22,1.15
kapurthala,2020,5,29.68387096774193,16.693548387096776,49.53548387096774,0.2225806451612903
kapurthala,2020,6,31.136666666666667,20.85333333333333,56.45666666666667,1.41
kapurthala,2020,7,30.60322580645161,24.835483870967742,72.46451612903226,6.551612903225807
kapurthala,2020,8,29.916129032258063,25.925806451612903,79.97096774193548,6.225806451612903
kapurthala,2020,9,29.6,24.40333333333333,75.19333333333334,0.6433333333333333
kapurthala,2020,10,24.203225806451613,16.212903225806453,65.48064516129031,0.0
kapurthala,2020,11,16.766666666666666,10.933333333333334,72.32333333333332,0.4433333333333333
kapurthala,2020,12,11.383870967741936,8.283870967741937,83.71290322580644,0.532258064516129
ludhiana,2017,1,12.916129032258064,9.751612903225809,83.03548387096774,7.45483870967742
ludhiana,2017,2,16.489285714285714,11.539285714285716,75.53571428571429,1.1892857142857145
ludhiana,2017,3,20.206451612903223,12.748387096774191,66.14838709677419,2.3741935483870966
ludhiana,2017,4,28.986666666666668,13.13,41.59666666666667,0.44
ludhiana,2017,5,32.751612903225805,15.729032258064516,38.91290322580645,0.8258064516129032
ludhiana,2017,6,31.85333333333333,21.14333333333333,57.54333333333333,4.476666666666668
ludhiana,2017,7,30.738709677419354,26.203225806451613,77.64838709677419,6.861290322580645
ludhiana,2017,8,29.783870967741933,26.45483870967742,83.05483870967741,4.264516129032257
ludhiana,2017,9,28.836666666666662,23.69333333333333,75.98333333333333,1.5233333333333332
ludhiana,2017,10,26.29032258064516,17.738709677419354,62.435483870967744,0.032258064516129
ludhiana,2017,11,17.873333333333335,13.153333333333334,76.74333333333334,0.8733333333333333
ludhiana,2017,12,13.83548387096774,9.370967741935484,77.6258064516129,0.9161290322580644
ludhiana,2018,1,11.983870967741936,8.096774193548388,80.28709677419356,0.6645161290322581
ludhiana,2018,2,16.04642857142857,10.460714285714284,72.95714285714286,2.1392857142857147
ludhiana,2018,3,22.10322580645161,14.038709677419355,63.89677419354839,0.635483870967742
ludhiana,2018,4,28.03666666666667,14.606666666666666,48.41666666666666,0.7166666666666667
ludhiana,2018,5,32.40967741935484,13.906451612903227,36.75483870967742,0.5645161290322581
ludhiana,2018,6,32.89333333333333,21.723333333333336,55.16333333333333,2.4066666666666667
ludhiana,2018,7,30.161290322580644,25.996774193548383,79.53548387096774,10.287096774193548
ludhiana,2018,8,29.72258064516129,26.45483870967742,83.29354838709678,5.62258064516129
ludhiana,2018,9,27.46333333333333,24.063333333333333,82.87333333333332,10.553333333333336
ludhiana,2018,10,23.654838709677417,17.783870967741933,72.53225806451613,0.3548387096774194
ludhiana,2018,11,18.456666666666667,12.796666666666663,72.91666666666667,0.6666666666666666
ludhiana,2018,12,12.564516129032258,8.474193548387097,79.25161290322582,0.8129032258064516
ludhiana,2019,1,11.816129032258065,8.019354838709678,79.9483870967742,2.790322580645161
ludhiana,2019,2,14.407142857142857,10.921428571428573,81.33928571428571,6.164285714285714
ludhiana,2019,3,18.858064516129037,12.932258064516128,71.55806451612904,0.970967741935484
ludhiana,2019,4,26.92,16.296666666666667,56.64333333333333,2.07
ludhiana,2019,5,29.9741935483871,15.341935483870966,45.82903225806452,0.8225806451612904
ludhiana,2019,6,33.3,19.30333333333333,47.44666666666667,0.6366666666666666
ludhiana,2019,7,29.98709677419355,25.406451612903226,77.94516129032257,7.558064516129033
ludhiana,2019,8,29.68387096774193,26.241935483870968,82.5,7.341935483870968
ludhiana,2019,9,28.97,25.44333333333333,82.12666666666668,2.1
ludhiana,2019,10,24.503225806451614,19.041935483870965,74.01612903225806,0.1580645161290322
ludhiana,2019,11,19.15,14.35,76.33666666666666,2.23
ludhiana,2019,12,11.2,9.080645161290322,88.3225806451613,1.5451612903225809
ludhiana,2020,1,11.558064516129033,8.790322580645162,84.71290322580644,3.1225806451612903
ludhiana,2020,2,15.182758620689656,10.810344827586206,77.65862068965517,1.789655172413793
ludhiana,2020,3,19.12903225806452,14.529032258064516,76.73548387096774,4.699999999999999
ludhiana,2020,4,25.14333333333333,16.24,61.53666666666666,2.4166666666666665
ludhiana,2020,5,29.30322580645161,17.519354838709678,53.36774193548387,2.416129032258065
ludhiana,2020,6,31.07333333333333,23.186666666666667,64.95333333333333,0.61
ludhiana,2020,7,30.503225806451614,25.90322580645161,77.65806451612903,4.622580645161291
ludhiana,2020,8,29.93548387096774,26.56451612903226,82.81290322580645,4.938709677419355
ludhiana,2020,9,30.203333333333333,24.516666666666666,73.39333333333335,1.2433333333333332
ludhiana,2020,10,24.993548387096773,14.906451612903227,57.61612903225806,0.0
ludhiana,2020,11,17.566666666666666,10.616666666666667,67.61,1.1366666666666667
ludhiana,2020,12,12.748387096774191,9.119354838709675,81.17096774193548,0.5967741935483871
mansa,2017,1,13.538709677419355,9.167741935483871,77.59354838709677,2.4838709677419355
mansa,2017,2,17.817857142857143,9.603571428571428,64.71785714285714,0.1785714285714285
mansa,2017,3,22.874193548387098,10.603225806451611,51.28387096774193,0.4032258064516129
mansa,2017,4,31.0,10.916666666666666,32.46333333333333,0.2366666666666667
mansa,2017,5,34.119354838709675,15.464516129032257,35.44193548387097,0.332258064516129
mansa,2017,6,32.60333333333333,21.65333333333333,56.82333333333334,5.0233333333333325
mansa,2017,7,32.10967741935484,25.44516129032258,69.19999999999999,2.919354838709677
mansa,2017,8,31.958064516129035,25.05483870967742,68.64838709677419,2.293548387096774
mansa,2017,9,30.55,22.183333333333334,64.46666666666667,1.4
mansa,2017,10,27.93870967741936,15.774193548387096,51.11612903225806,0.0032258064516129
mansa,2017,11,18.936666666666667,12.57,69.71333333333334,0.16
mansa,2017,12,14.77741935483871,7.945161290322581,67.49354838709678,0.4645161290322581
mansa,2018,1,13.258064516129032,7.6,72.53225806451613,0.4838709677419355
mansa,2018,2,17.146428571428572,9.85,65.83214285714286,0.7392857142857142
mansa,2018,3,23.26774193548387,13.696774193548388,58.51935483870968,0.5709677419354838
mansa,2018,4,29.17,14.523333333333332,45.05333333333333,0.7
mansa,2018,5,33.400000000000006,14.63225806451613,35.832258064516125,0.4612903225806451
mansa,2018,6,34.21666666666667,21.86,51.63666666666666,2.3233333333333333
mansa,2018,7,31.345161290322583,25.79032258064516,73.91935483870968,6.354838709677419
mansa,2018,8,30.870967741935484,25.82903225806452,75.59677419354838,3.3161290322580643
mansa,2018,9,29.07,23.51333333333333,74.25,6.763333333333334
mansa,2018,10,25.09032258064516,17.203225806451613,65.01612903225806,0.3129032258064516
mansa,2018,11,20.116666666666667,12.283333333333331,64.32,0.2933333333333333
mansa,2018,12,13.735483870967744,8.170967741935485,72.81612903225808,0.4612903225806451
mansa,2019,1,12.53225806451613,7.664516129032258,75.13225806451612,2.3870967741935485
mansa,2019,2,14.964285714285714,10.510714285714286,77.02142857142857,1.4821428571428572
mansa,2019,3,20.493548387096773,11.793548387096775,62.13548387096775,0.9032258064516128
mansa,2019,4,28.846666666666668,15.32,48.46,1.5266666666666666
mansa,2019,5,31.861290322580647,14.896774193548389,39.74193548387097,0.9806451612903224
mansa,2019,6,35.09,19.03,42.580000000000005,0.55
mansa,2019,7,31.793548387096774,25.05806451612903,69.5,3.138709677419355
mansa,2019,8,30.72258064516129,26.09354838709677,77.2741935483871,5.632258064516129
mansa,2019,9,31.23,24.476666666666667,69.16666666666667,1.0266666666666666
mansa,2019,10,26.61935483870968,17.345161290322583,59.74193548387097,0.4903225806451612
mansa,2019,11,20.08,13.883333333333333,70.12666666666668,1.2100000000000002
mansa,2019,12,11.90967741935484,8.432258064516128,81.3225806451613,0.567741935483871
mansa,2020,1,11.764516129032256,8.24516129032258,80.8225806451613,2.0387096774193547
mansa,2020,2,16.093103448275862,10.027586206896553,70.57241379310345,1.193103448275862
mansa,2020,3,20.206451612903223,14.374193548387098,72.18064516129031,2.964516129032258
mansa,2020,4,27.75,14.476666666666668,48.57,0.6333333333333333
mansa,2020,5,31.806451612903224,16.31290322580645,44.403225806451616,2.183870967741936
mansa,2020,6,32.95666666666667,22.540000000000003,56.68333333333333,0.98
mansa,2020,7,32.27741935483871,25.34193548387097,68.74193548387096,3.383870967741936
mansa,2020,8,31.15806451612903,26.212903225806453,76.01935483870967,4.47741935483871
mansa,2020,9,32.086666666666666,22.51333333333333,59.97,1.3766666666666665
mansa,2020,10,26.48709677419355,13.19032258064516,47.53870967741936,0.0
mansa,2020,11,18.28333333333333,10.326666666666666,63.376666666666665,1.3733333333333335
mansa,2020,12,13.441935483870967,8.806451612903226,76.15483870967742,0.1709677419354838
moga,2017,1,12.72258064516129,9.425806451612903,82.28387096774195,3.064516129032258
moga,2017,2,16.803571428571427,10.267857142857142,70.03928571428571,0.1964285714285714
moga,2017,3,21.548387096774192,11.0,56.92258064516129,1.1290322580645162
moga,2017,4,30.09,11.563333333333333,36.45666666666667,0.44
moga,2017,5,33.145161290322584,15.841935483870968,38.31935483870968,0.9225806451612902
moga,2017,6,32.14,21.46,57.85333333333333,5.92
moga,2017,7,31.00967741935484,26.287096774193547,76.84516129032258,7.541935483870968
moga,2017,8,30.293548387096774,26.41290322580645,80.59677419354838,3.067741935483871
moga,2017,9,28.90333333333333,23.65,75.36666666666666,1.7166666666666666
moga,2017,10,25.82258064516129,18.048387096774192,65.29677419354839,0.0580645161290322
moga,2017,11,17.796666666666667,12.93,75.98,0.3033333333333333
moga,2017,12,13.96774193548387,8.516129032258064,72.74193548387096,0.6580645161290323
moga,2018,1,12.28064516129032,7.787096774193548,76.99354838709678,0.4741935483870967
moga,2018,2,16.228571428571428,9.828571428571427,69.29285714285714,0.7321428571428571
moga,2018,3,22.61290322580645,13.670967741935485,60.83870967741935,0.3967741935483871
moga,2018,4,28.35333333333333,14.726666666666668,48.156666666666666,0.85
moga,2018,5,32.75806451612903,13.948387096774193,36.08387096774193,0.7225806451612903
moga,2018,6,33.440000000000005,21.616666666666667,53.336666666666666,2.72
moga,2018,7,30.47741935483871,26.096774193548388,78.57741935483871,8.270967741935483
moga,2018,8,30.151612903225807,26.496774193548383,81.64516129032258,3.667741935483871
moga,2018,9,27.84333333333333,23.973333333333336,80.77,8.683333333333334
moga,2018,10,24.05483870967742,17.63225806451613,70.2741935483871,0.0967741935483871
moga,2018,11,18.706666666666667,12.38,70.01333333333334,0.6566666666666666
moga,2018,12,12.683870967741935,8.283870967741937,77.54838709677419,0.870967741935484
moga,2019,1,11.616129032258064,7.696774193548387,79.26774193548388,2.864516129032258
moga,2019,2,14.189285714285717,10.664285714285716,81.07857142857142,3.8
moga,2019,3,18.983870967741936,12.62258064516129,69.86451612903227,0.8064516129032258
moga,2019,4,27.23,16.106666666666666,55.17,2.08
moga,2019,5,30.51290322580645,15.070967741935483,43.97741935483871,0.8967741935483872
moga,2019,6,34.0,19.05666666666667,45.27666666666666,0.65
moga,2019,7,30.61935483870968,25.41290322580645,75.39354838709677,5.464516129032258
moga,2019,8,29.958064516129035,26.36774193548387,81.81935483870969,5.829032258064516
moga,2019,9,29.41,25.426666666666662,80.04333333333334,1.4366666666666668
moga,2019,10,25.061290322580643,18.374193548387098,68.93870967741935,0.1096774193548387
moga,2019,11,19.37,13.896666666666668,73.11999999999999,1.6333333333333333
moga,2019,12,11.3,8.574193548387097,85.10645161290323,0.7258064516129032
moga,2020,1,11.174193548387096,8.216129032258063,83.61290322580645,1.467741935483871
moga,2020,2,15.39655172413793,10.348275862068968,74.50344827586207,1.7517241379310344
moga,2020,3,19.154838709677417,14.52258064516129,76.65806451612903,3.9935483870967743
moga,2020,4,25.726666666666667,15.863333333333332,58.52333333333333,0.99
moga,2020,5,30.364516129032257,16.86774193548387,48.87419354838709,2.138709677419355
moga,2020,6,31.866666666666667,22.793333333333333,60.86333333333334,0.6266666666666667
moga,2020,7,30.9258064516129,25.887096774193548,75.78387096774195,4.283870967741936
moga,2020,8,30.248387096774195,26.65806451612903,81.76451612903227,4.351612903225806
moga,2020,9,30.40333333333333,24.05,70.83999999999999,1.903333333333333
moga,2020,10,25.07741935483871,14.725806451612904,56.400000000000006,0.0290322580645161
moga,2020,11,17.473333333333336,10.413333333333332,67.20333333333333,0.8766666666666667
moga,2020,12,12.62258064516129,8.764516129032257,79.84516129032258,0.4419354838709677
pathankot,2017,1,12.158064516129032,7.229032258064516,73.48064516129033,6.403225806451613
pathankot,2017,2,16.125,9.75,67.65357142857142,3.7035714285714287
pathankot,2017,3,19.080645161290324,9.674193548387096,57.53870967741936,1.5838709677419356
pathankot,2017,4,25.64,12.936666666666667,48.36,2.8400000000000003
pathankot,2017,5,29.529032258064515,14.8,43.23870967741936,0.7225806451612903
pathankot,2017,6,29.42,18.95,56.99666666666667,6.790000000000001
pathankot,2017,7,28.76129032258065,24.580645161290324,78.83870967741936,10.793548387096775
pathankot,2017,8,28.19677419354839,24.6,81.40645161290323,4.751612903225807
pathankot,2017,9,27.73,21.57,70.83333333333333,0.88
pathankot,2017,10,24.925806451612903,15.141935483870968,57.03548387096774,0.0225806451612903
pathankot,2017,11,17.016666666666666,10.47,66.90666666666667,0.5466666666666666
pathankot,2017,12,13.75483870967742,7.9,69.66774193548386,1.9516129032258067
pathankot,2018,1,12.125806451612902,6.216129032258064,68.95806451612903,0.2516129032258064
pathankot,2018,2,15.717857142857143,8.132142857142856,63.01428571428572,1.975
pathankot,2018,3,20.616129032258065,10.25483870967742,54.33548387096774,0.9129032258064516
pathankot,2018,4,25.08,12.67,49.12,1.5733333333333337
pathankot,2018,5,29.125806451612902,12.025806451612905,38.8258064516129,0.7354838709677419
pathankot,2018,6,30.58,19.30666666666667,54.07333333333334,3.4633333333333334
pathankot,2018,7,28.4741935483871,24.083870967741937,77.76129032258065,8.40967741935484
pathankot,2018,8,28.116129032258065,24.406451612903226,80.86451612903227,7.532258064516129
pathankot,2018,9,26.063333333333333,21.88,78.53666666666666,11.38
pathankot,2018,10,22.31290322580645,13.40967741935484,59.60645161290322,0.3193548387096773
pathankot,2018,11,17.31,10.593333333333334,66.23333333333333,0.8666666666666667
pathankot,2018,12,12.235483870967744,6.483870967741935,69.54838709677419,0.5709677419354838
pathankot,2019,1,11.27741935483871,5.922580645161291,70.96451612903226,3.7451612903225806
pathankot,2019,2,13.407142857142857,8.453571428571427,73.17857142857143,9.171428571428573
pathankot,2019,3,17.81935483870968,10.029032258064516,62.58064516129032,1.403225806451613
pathankot,2019,4,25.47,12.746666666666666,48.49333333333333,1.65
pathankot,2019,5,28.18064516129032,12.261290322580646,41.00645161290323,0.7096774193548387
pathankot,2019,6,31.56,15.63,41.05,0.74
pathankot,2019,7,28.635483870967743,23.43870967741936,75.19032258064516,9.274193548387096
pathankot,2019,8,28.26129032258065,24.203225806451613,79.34193548387097,6.990322580645162
pathankot,2019,9,27.24,23.17,79.17,2.813333333333333
pathankot,2019,10,22.787096774193547,16.419354838709676,68.86451612903227,0.2129032258064516
pathankot,2019,11,17.73,12.51,72.70666666666666,3.2
pathankot,2019,12,11.109677419354838,7.329032258064516,78.39354838709677,3.3709677419354835
pathankot,2020,1,11.02258064516129,6.870967741935484,76.73548387096774,5.380645161290323
pathankot,2020,2,14.803448275862069,8.200000000000001,66.28275862068966,0.3896551724137931
pathankot,2020,3,17.59032258064516,11.193548387096774,67.51290322580645,6.274193548387097
pathankot,2020,4,23.07333333333333,13.266666666666667,56.28333333333333,1.2366666666666668
pathankot,2020,5,27.758064516129032,13.658064516129032,45.270967741935486,1.6935483870967742
pathankot,2020,6,29.42,19.57333333333333,57.44666666666667,1.1
pathankot,2020,7,28.85483870967742,23.687096774193545,74.59677419354838,6.745161290322581
pathankot,2020,8,28.15806451612903,24.467741935483872,80.93870967741935,9.338709677419354
pathankot,2020,9,28.12333333333333,21.73333333333333,69.74666666666667,0.92
pathankot,2020,10,23.68064516129032,13.225806451612904,54.483870967741936,0.0
pathankot,2020,11,16.826666666666668,9.323333333333332,63.29666666666667,0.8833333333333333
pathankot,2020,12,12.903225806451612,7.329032258064516,70.3225806451613,1.2225806451612906
patiala,2017,1,13.319354838709677,10.0,82.30000000000001,2.3108064516129034
patiala,2017,2,17.12857142857143,11.507142857142856,72.95714285714286,0.1699642857142857
patiala,2017,3,21.32258064516129,11.606451612903228,58.60645161290322,1.1963548387096774
patiala,2017,4,29.273333333333333,11.29,37.06333333333334,0.9973
patiala,2017,5,32.406451612903226,15.8,40.16774193548388,0.441258064516129
patiala,2017,6,31.53,21.06,59.49,4.429466666666667
patiala,2017,7,30.570967741935487,25.80967741935484,76.78387096774195,3.628548387096774
patiala,2017,8,29.561290322580643,26.083870967741937,82.36774193548388,13.452677419354838
patiala,2017,9,28.33333333333333,23.61,77.22333333333333,4.750533333333333
patiala,2017,10,25.874193548387098,17.825806451612905,64.13225806451612,0.0032258064516129
patiala,2017,11,18.32333333333333,13.023333333333332,73.92,0.07
patiala,2017,12,14.448387096774193,9.980645161290322,77.18064516129031,0.5876451612903225
patiala,2018,1,12.74516129032258,8.596774193548388,78.69677419354838,0.5609032258064517
patiala,2018,2,16.875,10.685714285714283,69.76071428571429,0.8402857142857144
patiala,2018,3,22.89032258064516,14.229032258064516,61.20645161290323,0.0687419354838709
patiala,2018,4,28.336666666666662,15.106666666666666,48.54666666666667,0.4838666666666666
patiala,2018,5,32.00645161290323,16.14516129032258,42.07096774193548,0.9746451612903224
patiala,2018,6,32.233333333333334,22.7,59.940000000000005,5.752466666666666
patiala,2018,7,30.038709677419355,26.080645161290324,80.23870967741935,7.497193548387097
patiala,2018,8,29.5258064516129,26.35483870967742,83.76451612903226,5.54158064516129
patiala,2018,9,27.546666666666667,24.346666666666668,83.78333333333333,12.013533333333331
patiala,2018,10,23.758064516129032,17.23225806451613,69.89354838709677,0.2026129032258064
patiala,2018,11,18.9,12.26,68.73666666666666,0.1340333333333333
patiala,2018,12,13.029032258064516,8.609677419354838,77.65806451612903,1.508290322580645
patiala,2019,1,12.503225806451614,8.493548387096775,78.61612903225806,0.885483870967742
patiala,2019,2,15.064285714285717,11.639285714285714,82.075,2.52
patiala,2019,3,19.351612903225806,12.974193548387095,69.99677419354839,0.7808387096774193
patiala,2019,4,27.60666666666667,15.363333333333332,52.12,1.4320666666666666
patiala,2019,5,31.096774193548388,12.932258064516128,37.75806451612903,0.963483870967742
patiala,2019,6,33.29333333333333,18.42,45.29,1.2921666666666665
patiala,2019,7,29.693548387096776,26.44516129032258,84.50967741935484,12.504322580645162
patiala,2019,8,29.5258064516129,27.03548387096774,87.45483870967742,10.880483870967742
patiala,2019,9,29.12,25.566666666666663,82.20666666666666,8.0425
patiala,2019,10,24.780645161290323,19.461290322580645,74.67096774193548,0.530483870967742
patiala,2019,11,19.41,14.406666666666666,75.10333333333332,2.0675
patiala,2019,12,11.703225806451613,9.316129032258065,86.5516129032258,0.2408709677419354
patiala,2020,1,11.80967741935484,9.235483870967744,85.51290322580645,1.5735806451612904
patiala,2020,2,15.513793103448275,11.344827586206897,78.01034482758621,0.2282758620689655
patiala,2020,3,19.548387096774192,14.63548387096774,75.32903225806452,3.489225806451613
patiala,2020,4,25.74333333333333,16.703333333333333,60.736666666666665,2.0437
patiala,2020,5,29.770967741935483,17.37741935483871,51.68064516129032,3.3030967741935484
patiala,2020,6,31.17,23.85,66.84333333333333,2.192333333333333
patiala,2020,7,30.38064516129032,26.493548387096773,81.03225806451613,11.313096774193546
patiala,2020,8,30.0,26.68387096774193,84.00645161290322,5.328129032258064
patiala,2020,9,30.19,25.566666666666663,78.36666666666666,0.2364
patiala,2020,10,25.08709677419355,16.051612903225806,60.88709677419355,0.0096774193548387
patiala,2020,11,17.586666666666666,11.533333333333331,70.21333333333334,0.4952
patiala,2020,12,13.03225806451613,9.761290322580646,82.1774193548387,0.396774193548387
rupnagar,2017,1,12.980645161290322,9.074193548387097,79.46774193548387,4.403161290322581
rupnagar,2017,2,16.821428571428573,11.046428571428573,72.18571428571428,0.3523214285714285
rupnagar,2017,3,20.706451612903223,10.738709677419354,57.81290322580645,0.9616774193548387
rupnagar,2017,4,28.496666666666663,11.073333333333332,38.34333333333333,0.8895666666666666
rupnagar,2017,5,31.64516129032258,14.9,39.4741935483871,0.7491935483870968
rupnagar,2017,6,30.923333333333336,20.55,59.14666666666667,4.614199999999999
rupnagar,2017,7,30.10322580645161,25.02258064516129,75.11612903225806,6.368516129032258
rupnagar,2017,8,29.003225806451614,25.44516129032258,81.86774193548388,13.701935483870969
rupnagar,2017,9,27.77,23.21333333333333,77.87333333333332,4.7265
rupnagar,2017,10,24.98709677419355,16.870967741935484,64.12258064516129,0.0193548387096774
rupnagar,2017,11,17.683333333333334,11.936666666666667,72.14,0.0302666666666666
rupnagar,2017,12,14.196774193548388,9.25483870967742,75.38387096774194,1.161516129032258
rupnagar,2018,1,12.332258064516129,6.867741935483871,73.54516129032258,0.3290322580645161
rupnagar,2018,2,16.814285714285713,8.371428571428572,62.77857142857143,1.282892857142857
rupnagar,2018,3,22.251612903225805,11.464516129032257,55.229032258064514,0.2444516129032258
rupnagar,2018,4,27.246666666666663,13.666666666666666,47.406666666666666,1.4011333333333331
rupnagar,2018,5,30.793548387096774,14.406451612903227,41.3,0.886741935483871
rupnagar,2018,6,31.67,21.69333333333333,58.23666666666667,5.9591666666666665
rupnagar,2018,7,29.55806451612903,25.177419354838708,78.16451612903225,8.633451612903226
rupnagar,2018,8,28.87741935483871,25.5,82.61935483870967,8.578612903225807
rupnagar,2018,9,26.84,23.386666666666667,82.45,10.365633333333331
rupnagar,2018,10,22.858064516129037,15.922580645161291,68.44516129032259,0.3849032258064516
rupnagar,2018,11,18.27,11.686666666666667,68.83333333333333,0.5548666666666667
rupnagar,2018,12,12.658064516129032,7.593548387096774,74.76774193548387,0.5142258064516129
rupnagar,2019,1,12.1,7.567741935483871,76.34516129032258,1.0968387096774197
rupnagar,2019,2,14.667857142857144,10.910714285714286,80.35000000000001,2.5735357142857143
rupnagar,2019,3,18.70967741935484,12.077419354838709,69.09677419354838,0.9481612903225808
rupnagar,2019,4,26.86,14.31,51.03666666666666,1.3117666666666667
rupnagar,2019,5,30.348387096774196,11.793548387096775,36.61612903225806,0.5439032258064517
rupnagar,2019,6,32.733333333333334,17.633333333333333,44.24666666666667,1.9887666666666668
rupnagar,2019,7,29.23225806451613,25.95483870967742,84.45483870967742,10.605870967741934
rupnagar,2019,8,28.98064516129032,26.5,87.40645161290323,8.93258064516129
rupnagar,2019,9,28.62333333333333,24.866666666666667,81.08,5.071566666666667
rupnagar,2019,10,24.316129032258065,18.91290322580645,74.29354838709678,0.2489354838709677
rupnagar,2019,11,18.71,13.833333333333334,75.75333333333333,1.4658000000000002
rupnagar,2019,12,11.529032258064516,8.751612903225807,84.48709677419355,1.0178709677419355
rupnagar,2020,1,11.7,8.561290322580644,82.59032258064516,2.160064516129032
rupnagar,2020,2,15.134482758620688,10.06551724137931,74.2,0.3399655172413793
rupnagar,2020,3,18.83870967741936,13.038709677419355,71.3741935483871,2.842935483870968
rupnagar,2020,4,24.923333333333336,14.633333333333333,56.59,2.076866666666666
rupnagar,2020,5,29.248387096774195,15.893548387096772,48.76451612903226,3.850870967741936
rupnagar,2020,6,31.203333333333333,21.83,59.71333333333334,3.217
rupnagar,2020,7,30.074193548387097,25.738709677419354,78.95161290322581,9.878387096774194
rupnagar,2020,8,29.596774193548388,26.17419354838709,83.41290322580646,11.417709677419356
rupnagar,2020,9,29.633333333333333,24.876666666666665,77.86333333333333,0.5307999999999999
rupnagar,2020,10,25.041935483870965,14.625806451612902,56.7,0.0096774193548387
rupnagar,2020,11,17.540000000000003,10.286666666666669,66.51666666666667,0.6684666666666668
rupnagar,2020,12,12.925806451612903,8.503225806451614,77.26451612903226,0.4228064516129032
sahibzadaajitsinghnagar(mohali),2017,1,13.37741935483871,9.193548387096774,77.95483870967742,4.426193548387097
sahibzadaajitsinghnagar(mohali),2017,2,17.24642857142857,11.292857142857144,71.475,0.1957142857142857
sahibzadaajitsinghnagar(mohali),2017,3,21.541935483870965,10.332258064516129,53.24516129032258,0.9073225806451612
sahibzadaajitsinghnagar(mohali),2017,4,29.41333333333333,10.013333333333332,33.443333333333335,0.4255666666666667
sahibzadaajitsinghnagar(mohali),2017,5,32.15483870967742,14.129032258064516,36.33548387096774,0.6790967741935484
sahibzadaajitsinghnagar(mohali),2017,6,31.206666666666667,20.336666666666662,58.05,5.0287
sahibzadaajitsinghnagar(mohali),2017,7,30.348387096774196,24.79032258064516,73.1741935483871,5.470225806451613
sahibzadaajitsinghnagar(mohali),2017,8,29.05161290322581,25.37741935483871,81.2290322580645,14.55409677419355
sahibzadaajitsinghnagar(mohali),2017,9,27.923333333333336,23.22,77.21333333333334,4.758733333333334
sahibzadaajitsinghnagar(mohali),2017,10,25.36774193548387,16.293548387096774,60.02258064516129,0.0161290322580645
sahibzadaajitsinghnagar(mohali),2017,11,17.92,11.893333333333334,70.17,0.0133333333333333
sahibzadaajitsinghnagar(mohali),2017,12,14.535483870967743,9.548387096774194,74.34193548387097,0.7077741935483871
sahibzadaajitsinghnagar(mohali),2018,1,12.667741935483871,7.34516129032258,72.75161290322582,0.2813870967741935
sahibzadaajitsinghnagar(mohali),2018,2,17.210714285714285,8.321428571428571,59.410714285714285,1.2898571428571428
sahibzadaajitsinghnagar(mohali),2018,3,22.95483870967742,10.80967741935484,49.722580645161294,0.1003225806451613
sahibzadaajitsinghnagar(mohali),2018,4,27.956666666666667,12.796666666666669,42.70666666666667,1.3497333333333332
sahibzadaajitsinghnagar(mohali),2018,5,31.67419354838709,12.951612903225806,35.81290322580645,0.9148709677419355
sahibzadaajitsinghnagar(mohali),2018,6,31.796666666666667,21.366666666666667,56.54666666666667,5.8222
sahibzadaajitsinghnagar(mohali),2018,7,29.651612903225807,24.81935483870968,76.29032258064517,7.563483870967741
sahibzadaajitsinghnagar(mohali),2018,8,28.874193548387098,25.26129032258065,81.54838709677419,8.193935483870968
sahibzadaajitsinghnagar(mohali),2018,9,26.99333333333333,23.07333333333333,80.28,10.317733333333331
sahibzadaajitsinghnagar(mohali),2018,10,23.26774193548387,15.14516129032258,63.10967741935484,0.3682580645161289
sahibzadaajitsinghnagar(mohali),2018,11,18.72,11.666666666666666,66.78,0.3061999999999999
sahibzadaajitsinghnagar(mohali),2018,12,13.003225806451614,7.65483870967742,73.14838709677419,0.3621612903225806
sahibzadaajitsinghnagar(mohali),2019,1,12.55483870967742,7.5,73.40322580645162,0.7039032258064516
sahibzadaajitsinghnagar(mohali),2019,2,15.05,11.167857142857144,79.91071428571429,1.7807857142857144
sahibzadaajitsinghnagar(mohali),2019,3,19.34193548387097,11.861290322580643,65.80322580645162,0.7536451612903226
sahibzadaajitsinghnagar(mohali),2019,4,27.886666666666667,13.47,45.39333333333333,1.3111666666666664
sahibzadaajitsinghnagar(mohali),2019,5,31.14516129032258,11.09032258064516,33.52903225806452,1.0123548387096772
sahibzadaajitsinghnagar(mohali),2019,6,33.28666666666667,17.38,42.24,1.2886666666666666
sahibzadaajitsinghnagar(mohali),2019,7,29.48064516129032,26.470967741935485,85.81935483870969,10.470967741935484
sahibzadaajitsinghnagar(mohali),2019,8,29.206451612903223,26.970967741935485,88.71290322580644,8.691483870967742
sahibzadaajitsinghnagar(mohali),2019,9,28.93,25.086666666666662,80.73666666666666,5.351166666666667
sahibzadaajitsinghnagar(mohali),2019,10,24.85483870967742,19.31935483870968,73.78709677419356,0.0956774193548387
sahibzadaajitsinghnagar(mohali),2019,11,19.26333333333333,13.56,71.66666666666667,1.5004666666666668
sahibzadaajitsinghnagar(mohali),2019,12,11.90967741935484,8.861290322580645,82.61290322580645,1.1201290322580646
sahibzadaajitsinghnagar(mohali),2020,1,12.02258064516129,8.558064516129033,80.7258064516129,1.9541935483870967
sahibzadaajitsinghnagar(mohali),2020,2,15.748275862068963,10.120689655172416,71.53793103448275,0.1630344827586206
sahibzadaajitsinghnagar(mohali),2020,3,19.62258064516129,12.351612903225806,65.27741935483871,2.539677419354839
sahibzadaajitsinghnagar(mohali),2020,4,25.933333333333334,13.3,48.78,2.0735
sahibzadaajitsinghnagar(mohali),2020,5,29.929032258064517,15.02258064516129,44.16451612903226,3.870483870967742
sahibzadaajitsinghnagar(mohali),2020,6,31.376666666666665,21.49,57.84333333333333,3.405133333333333
sahibzadaajitsinghnagar(mohali),2020,7,30.316129032258065,25.90322580645161,78.74516129032257,9.887354838709676
sahibzadaajitsinghnagar(mohali),2020,8,29.887096774193548,26.374193548387098,83.33870967741936,12.670548387096774
sahibzadaajitsinghnagar(mohali),2020,9,30.063333333333333,25.196666666666665,77.65,0.2486666666666666
sahibzadaajitsinghnagar(mohali),2020,10,25.65806451612903,14.319354838709678,53.5258064516129,0.0
sahibzadaajitsinghnagar(mohali),2020,11,17.86,10.31,64.29333333333334,0.6002
sahibzadaajitsinghnagar(mohali),2020,12,13.270967741935484,8.709677419354838,75.8741935483871,0.5493548387096775
nawanshahr,2017,1,13.13225806451613,9.841935483870968,82.44193548387096,6.690322580645161
nawanshahr,2017,2,16.7,11.81785714285714,75.73214285714286,1.6964285714285714
nawanshahr,2017,3,20.335483870967742,12.6,65.20322580645161,2.183870967741936
nawanshahr,2017,4,29.196666666666665,12.683333333333334,40.09666666666667,0.4266666666666667
nawanshahr,2017,5,32.8483870967742,15.638709677419357,38.54838709677419,0.8258064516129032
nawanshahr,2017,6,31.97,20.78,56.07666666666667,4.1466666666666665
nawanshahr,2017,7,30.751612903225805,26.048387096774192,76.94193548387096,6.1161290322580655
nawanshahr,2017,8,29.767741935483876,26.31290322580645,82.49677419354839,4.396774193548388
nawanshahr,2017,9,29.14,23.426666666666662,73.92666666666668,1.6266666666666665
nawanshahr,2017,10,26.825806451612905,16.96451612903226,58.190322580645166,0.0258064516129032
nawanshahr,2017,11,18.23,12.846666666666666,73.88666666666667,0.5166666666666667
nawanshahr,2017,12,14.274193548387096,9.55483870967742,76.74193548387096,1.006451612903226
nawanshahr,2018,1,12.48709677419355,8.019354838709678,77.79677419354839,0.4935483870967742
nawanshahr,2018,2,16.782142857142855,9.946428571428571,68.55,1.8107142857142853
nawanshahr,2018,3,22.725806451612904,13.1,59.016129032258064,0.5870967741935483
nawanshahr,2018,4,28.4,14.173333333333334,46.11666666666667,0.7533333333333333
nawanshahr,2018,5,32.65483870967742,13.609677419354838,35.803225806451614,0.6548387096774194
nawanshahr,2018,6,32.9,21.676666666666662,54.93666666666666,2.17
nawanshahr,2018,7,30.125806451612902,25.925806451612903,79.35806451612903,10.53225806451613
nawanshahr,2018,8,29.574193548387097,26.374193548387098,83.64516129032258,6.358064516129032
nawanshahr,2018,9,27.39,24.043333333333333,83.03999999999999,10.643333333333334
nawanshahr,2018,10,23.40967741935484,17.725806451612904,73.35483870967742,0.4516129032258064
nawanshahr,2018,11,18.41,12.883333333333333,73.36,0.6933333333333334
nawanshahr,2018,12,12.69032258064516,8.48709677419355,78.76129032258065,0.6322580645161291
nawanshahr,2019,1,12.029032258064516,8.09032258064516,79.38709677419355,2.7838709677419358
nawanshahr,2019,2,14.578571428571427,11.007142857142856,80.89999999999999,5.853571428571429
nawanshahr,2019,3,18.887096774193548,12.903225806451612,71.35483870967742,0.9290322580645162
nawanshahr,2019,4,27.01333333333333,15.96,55.443333333333335,1.893333333333333
nawanshahr,2019,5,30.27741935483871,14.712903225806452,43.46774193548387,0.9322580645161292
nawanshahr,2019,6,33.53666666666667,18.83,45.68,0.6633333333333334
nawanshahr,2019,7,29.95483870967742,25.27741935483871,77.62903225806451,8.019354838709678
nawanshahr,2019,8,29.62258064516129,26.20967741935484,82.63870967741936,9.30967741935484
nawanshahr,2019,9,28.91333333333333,25.376666666666665,82.13333333333334,1.79
nawanshahr,2019,10,24.5,19.05806451612903,74.14516129032258,0.1709677419354838
nawanshahr,2019,11,19.2,14.393333333333334,76.31666666666666,2.003333333333333
nawanshahr,2019,12,11.36451612903226,9.225806451612904,88.14838709677419,1.832258064516129
nawanshahr,2020,1,11.86451612903226,9.019354838709678,84.30322580645162,3.2548387096774194
nawanshahr,2020,2,15.375862068965516,10.910344827586206,77.31379310344828,1.2
nawanshahr,2020,3,19.203225806451613,14.416129032258064,75.91290322580646,4.661290322580645
nawanshahr,2020,4,25.16,16.056666666666665,60.92333333333333,2.2333333333333334
nawanshahr,2020,5,29.34193548387097,17.177419354838708,52.17741935483871,1.970967741935484
nawanshahr,2020,6,31.146666666666665,22.94,63.78666666666666,0.77
nawanshahr,2020,7,30.40967741935484,25.83870967741936,77.69032258064516,5.474193548387096
nawanshahr,2020,8,29.848387096774196,26.548387096774192,83.1032258064516,4.554838709677419
nawanshahr,2020,9,30.05666666666667,24.473333333333336,73.87333333333332,1.3299999999999998
nawanshahr,2020,10,25.19677419354839,14.370967741935484,55.351612903225806,0.0
nawanshahr,2020,11,17.94333333333333,10.38,65.36333333333333,1.086666666666667
nawanshahr,2020,12,13.064516129032258,9.183870967741935,80.05483870967741,0.7161290322580645
sangrur,2017,1,12.983870967741936,9.693548387096774,82.27741935483871,2.206451612903225
sangrur,2017,2,16.79642857142857,11.05714285714286,72.23571428571428,0.3071428571428571
sangrur,2017,3,21.293548387096774,11.919354838709678,59.53870967741936,1.1
sangrur,2017,4,29.63,11.99,37.60666666666667,1.0333333333333334
sangrur,2017,5,33.13870967741936,16.06451612903226,38.87096774193548,0.4354838709677419
sangrur,2017,6,31.98,21.34333333333333,57.973333333333336,4.776666666666666
sangrur,2017,7,31.193548387096776,25.93548387096774,74.62258064516129,3.5290322580645164
sangrur,2017,8,30.40967741935484,25.97741935483871,78.26129032258065,13.829032258064515
sangrur,2017,9,29.19,23.28666666666667,73.03666666666666,4.84
sangrur,2017,10,26.693548387096776,17.23548387096774,59.832258064516125,0.0
sangrur,2017,11,18.276666666666664,12.866666666666667,73.61,0.1233333333333333
sangrur,2017,12,14.329032258064515,9.016129032258064,73.7290322580645,0.5806451612903226
sangrur,2018,1,12.696774193548388,8.087096774193549,77.06129032258065,0.5806451612903226
sangrur,2018,2,16.660714285714285,10.453571428571427,70.07142857142857,0.8428571428571429
sangrur,2018,3,22.67096774193548,14.4,62.89354838709678,0.1483870967741935
sangrur,2018,4,28.45,15.01,48.28666666666666,0.4933333333333333
sangrur,2018,5,32.383870967741935,15.59032258064516,40.096774193548384,0.6612903225806451
sangrur,2018,6,32.88333333333333,22.23,56.81,5.456666666666666
sangrur,2018,7,30.39354838709677,26.074193548387097,78.80322580645162,8.806451612903226
sangrur,2018,8,29.92258064516129,26.387096774193548,82.1516129032258,5.874193548387097
sangrur,2018,9,27.75,24.27,82.50333333333333,12.363333333333332
sangrur,2018,10,23.95483870967742,17.741935483870968,70.88064516129033,0.1967741935483871
sangrur,2018,11,18.96333333333333,12.79,70.35,0.28
sangrur,2018,12,12.85483870967742,8.729032258064517,78.6774193548387,1.6548387096774193
sangrur,2019,1,12.061290322580644,8.135483870967741,78.97096774193548,0.9612903225806452
sangrur,2019,2,14.592857142857143,11.032142857142857,80.76428571428572,2.707142857142857
sangrur,2019,3,19.24516129032258,12.82258064516129,69.41935483870968,0.6741935483870968
sangrur,2019,4,27.646666666666665,16.066666666666666,53.736666666666665,1.55
sangrur,2019,5,31.148387096774197,15.003225806451614,41.82903225806452,1.029032258064516
sangrur,2019,6,34.190000000000005,19.14,45.11666666666667,1.2466666666666666
sangrur,2019,7,30.56451612903226,25.358064516129037,75.46774193548387,12.861290322580643
sangrur,2019,8,29.96451612903226,26.335483870967742,81.57096774193548,11.13548387096774
sangrur,2019,9,29.633333333333333,25.25333333333333,78.51666666666667,8.16
sangrur,2019,10,25.37741935483871,18.23225806451613,67.49354838709678,0.5483870967741935
sangrur,2019,11,19.53,13.876666666666669,72.48666666666666,2.1
sangrur,2019,12,11.558064516129033,8.85483870967742,85.01290322580645,0.196774193548387
sangrur,2020,1,11.541935483870969,8.693548387096774,84.22258064516129,1.4096774193548385
sangrur,2020,2,15.46896551724138,10.655172413793103,75.49655172413793,0.4413793103448276
sangrur,2020,3,19.54516129032258,14.419354838709678,74.68064516129031,3.693548387096774
sangrur,2020,4,26.366666666666667,15.786666666666669,56.516666666666666,2.0766666666666667
sangrur,2020,5,30.50967741935484,16.712903225806453,48.49032258064516,3.6645161290322585
sangrur,2020,6,31.76,23.313333333333333,63.11666666666667,2.506666666666667
sangrur,2020,7,30.887096774193548,25.86774193548387,76.0,11.874193548387098
sangrur,2020,8,30.19032258064516,26.51935483870968,81.44193548387096,5.690322580645161
sangrur,2020,9,30.936666666666667,23.83333333333333,68.44666666666667,0.8266666666666667
sangrur,2020,10,25.44193548387097,14.764516129032256,55.61612903225806,0.0
sangrur,2020,11,17.7,10.73,67.03333333333333,0.5
sangrur,2020,12,12.993548387096777,9.23225806451613,80.11612903225806,0.4032258064516129
shrmukatsarsahib,2017,1,13.125806451612902,8.970967741935485,78.17096774193548,1.0
shrmukatsarsahib,2017,2,17.72142857142857,8.667857142857143,61.04642857142857,0.1857142857142857
shrmukatsarsahib,2017,3,22.45483870967742,10.506451612903223,51.229032258064514,0.5129032258064515
shrmukatsarsahib,2017,4,30.46,11.616666666666667,34.95333333333333,0.35
shrmukatsarsahib,2017,5,34.099999999999994,15.316129032258065,34.8,0.4483870967741935
shrmukatsarsahib,2017,6,32.833333333333336,21.69333333333333,55.876666666666665,2.8266666666666667
shrmukatsarsahib,2017,7,32.79354838709678,25.05483870967742,65.3741935483871,2.3483870967741938
shrmukatsarsahib,2017,8,32.964516129032255,24.26129032258065,62.435483870967744,3.048387096774193
shrmukatsarsahib,2017,9,30.39333333333333,22.26,64.66,1.4333333333333331
shrmukatsarsahib,2017,10,27.48709677419355,16.874193548387098,55.65483870967742,0.0161290322580645
shrmukatsarsahib,2017,11,18.346666666666668,12.47,71.61666666666666,0.1399999999999999
shrmukatsarsahib,2017,12,14.609677419354838,7.290322580645161,65.50322580645162,0.5419354838709678
shrmukatsarsahib,2018,1,13.238709677419354,7.287096774193548,70.8258064516129,0.3806451612903225
shrmukatsarsahib,2018,2,17.12857142857143,9.067857142857145,62.80357142857143,0.2928571428571428
shrmukatsarsahib,2018,3,23.4,13.396774193548389,57.31935483870968,0.4451612903225806
shrmukatsarsahib,2018,4,29.56,13.91,42.57666666666667,0.4733333333333333
shrmukatsarsahib,2018,5,33.5516129032258,14.080645161290322,33.89354838709678,0.5193548387096775
shrmukatsarsahib,2018,6,34.13,21.706666666666667,51.50333333333333,2.94
shrmukatsarsahib,2018,7,31.52258064516129,25.948387096774194,73.55483870967741,4.922580645161291
shrmukatsarsahib,2018,8,31.93548387096774,25.09032258064516,68.32903225806452,1.870967741935484
shrmukatsarsahib,2018,9,29.89,22.39333333333333,66.67,2.286666666666666
shrmukatsarsahib,2018,10,25.538709677419355,16.225806451612904,59.809677419354834,0.3548387096774194
shrmukatsarsahib,2018,11,20.016666666666666,11.766666666666667,62.440000000000005,0.1133333333333333
shrmukatsarsahib,2018,12,13.506451612903223,8.003225806451614,72.59032258064516,0.6548387096774194
shrmukatsarsahib,2019,1,12.180645161290323,7.32258064516129,74.87096774193549,1.4838709677419355
shrmukatsarsahib,2019,2,14.435714285714283,9.9,76.47500000000001,1.7142857142857142
shrmukatsarsahib,2019,3,19.93548387096774,11.396774193548389,62.00967741935484,0.8677419354838709
shrmukatsarsahib,2019,4,28.21,15.29,49.73,1.336666666666667
shrmukatsarsahib,2019,5,31.67419354838709,15.061290322580644,40.55483870967742,0.7290322580645162
shrmukatsarsahib,2019,6,34.776666666666664,19.023333333333333,43.583333333333336,0.5700000000000001
shrmukatsarsahib,2019,7,32.08387096774194,25.10967741935484,68.48387096774194,3.487096774193549
shrmukatsarsahib,2019,8,31.56451612903226,25.654838709677417,72.25161290322582,2.606451612903226
shrmukatsarsahib,2019,9,32.059999999999995,23.99,64.29,1.0666666666666669
shrmukatsarsahib,2019,10,26.26774193548387,17.187096774193545,60.05483870967742,0.264516129032258
shrmukatsarsahib,2019,11,19.51,13.76,71.92666666666668,0.8833333333333333
shrmukatsarsahib,2019,12,11.59032258064516,7.745161290322581,79.81290322580645,0.7193548387096774
shrmukatsarsahib,2020,1,11.35483870967742,7.699999999999999,80.11290322580645,1.3258064516129031
shrmukatsarsahib,2020,2,16.29310344827586,9.60689655172414,67.82068965517242,1.2413793103448276
shrmukatsarsahib,2020,3,19.606451612903225,14.403225806451612,74.26451612903226,3.6516129032258062
shrmukatsarsahib,2020,4,26.96,15.243333333333334,52.59666666666667,0.5366666666666667
shrmukatsarsahib,2020,5,31.59354838709677,16.483870967741936,44.50967741935484,1.6709677419354838
shrmukatsarsahib,2020,6,33.13,22.15666666666667,54.78666666666666,0.69
shrmukatsarsahib,2020,7,32.670967741935485,25.11290322580645,65.95161290322581,2.074193548387097
shrmukatsarsahib,2020,8,31.703225806451613,26.03548387096774,73.08387096774193,3.941935483870968
shrmukatsarsahib,2020,9,31.66333333333333,23.0,62.40333333333333,1.72
shrmukatsarsahib,2020,10,26.048387096774192,14.612903225806452,52.435483870967744,0.0
shrmukatsarsahib,2020,11,17.946666666666665,10.63,65.4,0.59
shrmukatsarsahib,2020,12,13.103225806451611,8.561290322580644,76.21935483870968,0.3483870967741935
tarntaran,2017,1,12.26774193548387,9.435483870967742,85.00645161290322,1.7048064516129031
tarntaran,2017,2,16.12142857142857,10.75,74.43928571428572,0.1648571428571428
tarntaran,2017,3,19.932258064516127,12.770967741935484,67.83548387096775,0.8331290322580646
tarntaran,2017,4,27.86,12.016666666666667,43.01,1.2283333333333333
tarntaran,2017,5,31.793548387096774,14.64516129032258,38.89354838709678,0.6251935483870967
tarntaran,2017,6,31.173333333333336,21.0,60.53666666666666,6.5726
tarntaran,2017,7,30.787096774193547,27.496774193548383,83.88064516129033,9.946516129032258
tarntaran,2017,8,30.148387096774197,27.26774193548387,85.64516129032258,3.2865161290322584
tarntaran,2017,9,28.72,24.266666666666666,79.08333333333333,0.7635666666666666
tarntaran,2017,10,25.783870967741933,19.29032258064516,70.74193548387096,0.0
tarntaran,2017,11,17.043333333333333,12.433333333333334,77.92,0.1027999999999999
tarntaran,2017,12,13.506451612903223,7.774193548387097,72.85483870967742,0.4307741935483871
tarntaran,2018,1,11.948387096774193,7.312903225806451,77.38064516129033,0.1643548387096774
tarntaran,2018,2,15.87142857142857,9.667857142857144,70.40714285714286,1.0274642857142855
tarntaran,2018,3,21.63225806451613,13.49032258064516,64.45806451612903,0.1807096774193548
tarntaran,2018,4,27.19333333333333,15.536666666666669,54.09,0.7613666666666667
tarntaran,2018,5,31.81935483870968,13.996774193548386,37.87419354838709,0.2512903225806451
tarntaran,2018,6,32.22,20.923333333333336,55.2,4.161266666666667
tarntaran,2018,7,30.3,25.038709677419355,74.89354838709677,7.785838709677419
tarntaran,2018,8,30.148387096774197,25.25483870967742,76.1741935483871,2.4000967741935484
tarntaran,2018,9,27.76,22.516666666666666,74.78,8.671433333333333
tarntaran,2018,10,23.448387096774194,17.038709677419355,69.7258064516129,0.5528387096774194
tarntaran,2018,11,18.15333333333333,11.693333333333332,69.08666666666666,0.1712999999999999
tarntaran,2018,12,12.403225806451612,7.348387096774194,74.82903225806452,0.049258064516129
tarntaran,2019,1,11.158064516129032,6.738709677419355,77.18387096774192,0.9854193548387096
tarntaran,2019,2,13.696428571428571,9.325,77.69285714285715,3.5131785714285715
tarntaran,2019,3,18.177419354838708,10.661290322580646,64.95483870967742,0.2938709677419354
tarntaran,2019,4,26.846666666666668,15.373333333333331,53.806666666666665,1.7301
tarntaran,2019,5,30.36774193548387,14.074193548387097,41.07741935483871,0.4497741935483871
tarntaran,2019,6,33.42333333333333,17.5,42.35333333333333,1.0070333333333332
tarntaran,2019,7,30.14516129032258,24.11290322580645,72.35161290322581,8.704161290322581
tarntaran,2019,8,30.03548387096774,25.09354838709677,75.90645161290323,4.1730322580645165
tarntaran,2019,9,29.173333333333336,23.84,74.2,2.408033333333333
tarntaran,2019,10,24.038709677419355,18.135483870967743,71.6,0.7699032258064517
tarntaran,2019,11,18.37,13.323333333333332,74.36999999999999,1.5365333333333333
tarntaran,2019,12,10.480645161290322,7.806451612903226,84.99354838709678,1.3330322580645162
tarntaran,2020,1,10.551612903225807,7.051612903225807,81.07741935483871,1.904774193548387
tarntaran,2020,2,14.762068965517242,9.544827586206896,73.7896551724138,0.602793103448276
tarntaran,2020,3,18.203225806451613,13.235483870967744,74.93225806451613,3.7931290322580646
tarntaran,2020,4,24.626666666666665,15.82,60.99333333333333,1.2118666666666666
tarntaran,2020,5,29.91935483870968,16.596774193548388,48.28387096774193,0.442516129032258
tarntaran,2020,6,31.326666666666664,20.813333333333333,55.60333333333333,1.3845999999999998
tarntaran,2020,7,30.793548387096774,24.65806451612903,70.95806451612903,6.35983870967742
tarntaran,2020,8,30.06451612903226,25.65806451612903,78.07741935483871,8.673870967741935
tarntaran,2020,9,29.90666666666667,24.05,72.42666666666668,1.2922333333333331
tarntaran,2020,10,24.56451612903226,15.97741935483871,62.85806451612903,0.0
tarntaran,2020,11,16.91,10.676666666666668,70.28333333333333,0.5144666666666666
tarntaran,2020,12,11.503225806451614,8.17741935483871,82.3741935483871,1.287838709677419
