datetime,datetimeEpoch,tempmax,tempmin,temp,feelslikemax,feelslikemin,feelslike,dew,humidity,precip,precipprob,precipcover,preciptype,snow,snowdepth,windgust,windspeed,winddir,pressure,cloudcover,visibility,solarradiation,solarenergy,uvindex,sunrise,sunriseEpoch,sunset,sunsetEpoch,moonphase,conditions,description,icon,stations,source
2020-01-01,1577817000,17.1,2.3,7.7,17.1,1.9,7.3,6.1,90.6,0.0,0,0.0,,0,0,14.0,8.6,355.2,1022.9,85.4,1.7000000000000002,117.4,10.2,5,07:26:33,1577843793,17:35:18,1577880318,0.19,Partially cloudy,Partly cloudy throughout the day.,partly-cloudy-day,"['42077099999', '42099099999', 'remote']",obs
2020-01-02,1577903400,19.7,5.6,11.0,19.7,3.9,10.5,8.4,85.7,0.0,0,0.0,,0,0,16.6,9.7,348.7,1022.5,74.0,2.0,127.4,11.0,5,07:26:47,1577930207,17:36:01,1577966761,0.23,Partially cloudy,Partly cloudy throughout the day.,partly-cloudy-day,"['42077099999', '42099099999', 'remote']",obs
2020-01-03,1577989800,20.1,7.0,11.8,20.1,5.6,11.3,8.3,81.3,0.0,0,0.0,,0,0,20.2,10.4,310.1,1019.4,5.1,1.9,151.4,13.1,6,07:26:59,1578016619,17:36:45,1578053205,0.25,Clear,Clear conditions throughout the day.,clear-day,"['42077099999', '42099099999', 'remote']",obs
2020-01-04,1578076200,18.9,6.8,12.0,18.9,6.8,11.8,8.2,79.3,0.0,0,0.0,,0,0,15.5,9.0,325.8,1018.3,16.4,1.4,142.8,12.2,6,07:27:10,1578103030,17:37:30,1578139650,0.29,Clear,Clear conditions throughout the day.,clear-day,"['42077099999', '42099099999', 'remote']",obs
2020-01-05,1578162600,17.7,6.5,11.4,17.7,4.5,10.9,7.9,80.6,0.0,0,0.0,,0,0,23.0,10.1,349.9,1018.9,55.7,1.4,113.8,9.7,5,07:27:19,1578189439,17:38:16,1578226096,0.32,Partially cloudy,Partly cloudy throughout the day.,partly-cloudy-day,"['42077099999', '42099099999', 'remote']",obs
2020-01-06,1578249000,12.7,10.3,11.2,12.7,10.3,11.2,9.5,89.5,8.8,100,83.33,['rain'],0,0,15.8,9.4,16.5,1020.3,99.8,1.3,33.4,3.0,1,07:27:26,1578275846,17:39:02,1578312542,0.35000000000000003,"Rain, Overcast",Cloudy skies throughout the day with a chance of rain throughout the day.,rain,"['42077099999', '42099099999', 'remote']",obs
2020-01-07,1578335400,13.5,10.9,12.1,13.5,10.9,12.1,11.2,94.1,6.3,100,62.5,['rain'],0,0,17.3,5.8,91.4,1017.6,97.0,1.1,54.4,4.7,3,07:27:32,1578362252,17:39:50,1578398990,0.39,"Rain, Overcast",Cloudy skies throughout the day with a chance of rain throughout the day.,rain,"['42077099999', '42099099999', 'remote']",obs
2020-01-08,1578421800,13.8,7.9,11.5,13.8,6.6,11.4,10.2,91.9,1.7000000000000002,100,33.33,['rain'],0,0,27.4,12.2,314.9,1016.1,64.5,1.1,91.6,7.9,5,07:27:36,1578448656,17:40:38,1578485438,0.42,"Rain, Partially cloudy",Partly cloudy throughout the day with a chance of rain throughout the day.,rain,"['42077099999', '42099099999', 'remote']",obs
2020-01-09,1578508200,14.3,5.4,8.8,14.3,4.3,8.3,7.1,89.5,0.0,0,0.0,,0,0,19.8,9.4,307.6,1020.2,31.8,1.6,139.8,12.2,6,07:27:38,1578535058,17:41:27,1578571887,0.45,Partially cloudy,Partly cloudy throughout the day.,partly-cloudy-day,"['42077099999', '42099099999', 'remote']",obs
2020-01-10,1578594600,17.1,5.1,9.3,17.1,3.3,8.3,6.1,82.8,0.0,0,0.0,,0,0,24.8,16.6,308.9,1020.9,29.1,1.7000000000000002,162.9,14.1,6,07:27:39,1578621459,17:42:17,1578658337,0.48,Partially cloudy,Partly cloudy throughout the day.,partly-cloudy-day,"['42077099999', '42099099999', 'remote']",obs
2020-01-11,1578681000,18.7,5.3,10.2,18.7,4.0,9.7,6.9,82.1,0.0,0,0.0,,0,0,20.9,9.4,314.0,1020.2,88.3,2.4,119.2,10.4,4,07:27:37,1578707857,17:43:07,1578744787,0.5,Partially cloudy,Partly cloudy throughout the day.,partly-cloudy-day,"['42077099999', '42099099999', 'remote']",obs
2020-01-12,1578767400,18.4,10.7,13.8,18.4,10.7,13.8,9.1,73.8,0.0,0,0.0,,0,0,30.6,15.1,312.6,1017.1,85.6,1.9,116.3,10.1,5,07:27:34,1578794254,17:43:58,1578831238,0.55,Partially cloudy,Partly cloudy throughout the day.,partly-cloudy-day,"['42077099999', '42099099999', 'remote']",obs
2020-01-13,1578853800,14.2,7.6,11.8,14.2,6.2,11.8,10.4,91.1,27.9,100,45.83,['rain'],0,0,55.4,24.5,158.6,1011.2,80.1,0.7000000000000001,46.2,4.1,3,07:27:30,1578880650,17:44:50,1578917690,0.59,"Rain, Partially cloudy",Partly cloudy throughout the day with rain.,rain,"['42077099999', '42099099999', 'remote']",obs
2020-01-14,1578940200,15.4,7.0,9.9,15.4,5.7,9.4,8.3,90.7,0.0,0,0.0,,0,0,19.1,9.4,326.9,1016.8,55.5,1.5,107.3,9.3,5,07:27:23,1578967043,17:45:42,1579004142,0.62,Partially cloudy,Partly cloudy throughout the day.,partly-cloudy-day,"['42077099999', '42099099999', 'remote']",obs
2020-01-15,1579026600,14.4,5.5,9.3,14.4,4.5,8.7,7.8,91.2,0.0,0,0.0,,0,0,18.0,8.3,285.0,1018.0,76.6,1.1,104.9,9.1,4,07:27:15,1579053435,17:46:34,1579090594,0.66,Partially cloudy,Partly cloudy throughout the day.,partly-cloudy-day,"['42077099999', '42099099999', 'remote']",obs
2020-01-16,1579113000,15.1,6.7,9.8,15.1,5.8,9.4,8.7,93.0,0.0,0,0.0,,0,0,14.4,9.4,292.1,1016.8,68.6,0.8,130.3,11.3,5,07:27:05,1579139825,17:47:27,1579177047,0.6900000000000001,Partially cloudy,Partly cloudy throughout the day.,fog,"['42077099999', '42099099999', 'remote']",obs
2020-01-17,1579199400,16.7,8.2,11.6,16.7,7.2,11.5,9.6,88.6,0.1,100,4.17,['rain'],0,0,17.3,9.4,265.4,1017.2,62.9,1.5,146.1,12.6,6,07:26:54,1579226214,17:48:20,1579263500,0.75,"Rain, Partially cloudy",Partly cloudy throughout the day with afternoon rain.,rain,"['42077099999', '42099099999', 'remote']",obs
2020-01-18,1579285800,16.7,10.0,12.4,16.7,9.6,12.4,10.5,88.6,2.6,100,50.0,['rain'],0,0,23.4,10.1,114.0,1019.2,57.7,1.3,129.9,11.2,6,07:26:40,1579312600,17:49:14,1579349954,0.76,"Rain, Partially cloudy",Partly cloudy throughout the day with a chance of rain throughout the day.,rain,"['42077099999', '42099099999', 'remote']",obs
2020-01-19,1579372200,18.2,7.4,11.4,18.2,6.5,11.1,8.9,86.5,0.0,0,0.0,,0,0,23.0,9.7,317.7,1019.9,58.2,2.4,140.0,12.1,6,07:26:25,1579398985,17:50:07,1579436407,0.8,Partially cloudy,Partly cloudy throughout the day.,partly-cloudy-day,"['42077099999', '42099099999', 'remote']",obs
2020-01-20,1579458600,18.9,8.5,12.5,18.9,7.4,12.2,8.5,79.7,0.0,0,0.0,,0,0,18.4,9.4,289.8,1018.3,90.4,1.8,139.1,11.8,6,07:26:09,1579485369,17:51:01,1579522861,0.84,Overcast,Cloudy skies throughout the day.,cloudy,"['42077099999', '42099099999', 'remote']",obs
2020-01-21,1579545000,19.7,11.5,14.2,19.7,11.5,14.2,9.4,73.8,0.6000000000000001,100,16.67,['rain'],0,0,23.4,11.2,21.7,1019.3,67.0,2.8,116.8,10.0,5,07:25:50,1579571750,17:51:56,1579609316,0.87,"Rain, Partially cloudy",Partly cloudy throughout the day with rain.,rain,"['42077099999', '42099099999', 'remote']",obs
2020-01-22,1579631400,20.1,8.6,12.8,20.1,7.3,12.5,8.1,75.0,0.0,0,0.0,,0,0,26.6,13.3,318.0,1021.6,5.2,2.3,169.9,14.5,7,07:25:30,1579658130,17:52:50,1579695770,0.91,Clear,Clear conditions throughout the day.,clear-day,"['42077099999', '42099099999', 'remote']",obs
2020-01-23,1579717800,17.8,7.0,11.7,17.8,5.0,11.1,7.1,75.4,0.0,0,0.0,,0,0,27.4,14.8,299.5,1020.2,1.3,2.3,176.6,15.4,7,07:25:08,1579744508,17:53:45,1579782225,0.9400000000000001,Clear,Clear conditions throughout the day.,clear-day,"['42077099999', '42099099999', 'remote']",obs
2020-01-24,1579804200,19.9,5.9,11.3,19.9,4.2,10.5,6.4,75.2,0.0,0,0.0,,0,0,27.0,13.0,294.0,1017.3,2.7,2.1,179.0,15.4,7,07:24:45,1579830885,17:54:39,1579868679,0.98,Clear,Clear conditions throughout the day.,clear-day,"['42077099999', '42099099999', 'remote']",obs
2020-01-25,1579890600,19.7,6.6,11.3,19.7,5.8,10.9,7.6,80.4,0.2,100,8.33,['rain'],0,0,18.4,9.4,295.9,1016.8,44.6,2.0,124.1,10.5,5,07:24:20,1579917260,17:55:34,1579955134,0.0,"Rain, Partially cloudy",Partly cloudy throughout the day with rain.,rain,"['42077099999', '42099099999', 'remote']",obs
2020-01-26,1579977000,20.1,6.1,11.8,20.1,4.1,11.2,8.2,80.9,0.0,0,0.0,,0,0,23.0,11.2,323.1,1015.6,18.1,1.7000000000000002,175.1,15.3,7,07:23:53,1580003633,17:56:29,1580041589,0.04,Clear,Clear conditions throughout the day.,clear-day,"['42077099999', '42099099999', 'remote']",obs
2020-01-27,1580063400,18.1,7.4,12.1,18.1,5.8,11.6,9.5,84.8,1.8,100,33.33,['rain'],0,0,18.0,10.1,45.1,1013.1,51.9,1.6,143.9,12.5,5,07:23:25,1580090005,17:57:24,1580128044,0.08,"Rain, Partially cloudy",Partly cloudy throughout the day with rain.,rain,"['42077099999', '42099099999', 'remote']",obs
2020-01-28,1580149800,17.2,10.6,13.3,17.2,10.6,13.3,11.8,91.2,18.9,100,91.67,['rain'],0,0,37.4,16.2,130.4,1011.0,80.0,2.0,81.3,7.1,4,07:22:55,1580176375,17:58:18,1580214498,0.11,"Rain, Partially cloudy",Partly cloudy throughout the day with a chance of rain throughout the day.,rain,"['42077099999', '42099099999', 'remote']",obs
2020-01-29,1580236200,17.9,10.3,13.2,17.9,10.3,13.2,11.2,88.3,6.4,100,66.67,['rain'],0,0,25.6,10.4,143.1,1017.4,54.7,2.1,137.4,11.7,5,07:22:24,1580262744,17:59:13,1580300953,0.14,"Rain, Partially cloudy",Partly cloudy throughout the day with a chance of rain throughout the day.,rain,"['42077099999', '42099099999', 'remote']",obs
2020-01-30,1580322600,18.1,8.4,12.2,18.1,7.4,11.9,9.6,85.6,0.0,0,0.0,,0,0,25.9,11.9,316.4,1019.1,48.1,2.1,157.5,13.6,7,07:21:51,1580349111,18:00:08,1580387408,0.17,Partially cloudy,Clearing in the afternoon.,partly-cloudy-day,"['42077099999', '42099099999', 'remote']",obs
2020-01-31,1580409000,16.8,6.6,11.0,16.8,5.3,10.6,8.4,85.1,0.0,0,0.0,,0,0,18.0,7.9,263.1,1016.1,44.8,1.6,166.5,14.4,7,07:21:16,1580435476,18:01:02,1580473862,0.21,Partially cloudy,Partly cloudy throughout the day.,partly-cloudy-day,"['42077099999', '42099099999', 'remote']",obs
2020-02-01,1580495400,17.0,6.3,10.7,17.0,5.7,10.4,8.2,85.8,0.2,100,8.33,['rain'],0,0,18.7,9.7,307.5,1019.0,43.0,1.4,160.6,13.9,6,07:20:40,1580521840,18:01:56,1580560316,0.24,"Rain, Partially cloudy",Partly cloudy throughout the day with afternoon rain.,rain,"['42077099999', '42099099999', 'remote']",obs
2020-02-02,1580581800,17.9,6.0,10.9,17.9,4.9,10.3,8.0,84.3,0.0,0,0.0,,0,0,23.4,10.4,309.1,1020.6,17.8,1.9,185.4,16.1,7,07:20:03,1580608203,18:02:50,1580646770,0.25,Clear,Clear conditions throughout the day.,clear-day,"['42077099999', '42099099999', 'remote']",obs
2020-02-03,1580668200,19.2,5.4,11.5,19.2,4.2,11.1,7.7,80.5,0.0,0,0.0,,0,0,20.9,11.2,303.2,1019.1,28.9,1.9,190.8,16.4,7,07:19:24,1580694564,18:03:44,1580733224,0.30000000000000004,Partially cloudy,Clearing in the afternoon.,partly-cloudy-day,"['42077099999', '42099099999', 'remote']",obs
2020-02-04,1580754600,18.2,5.7,12.0,18.2,5.5,11.8,8.3,80.1,1.5,100,25.0,['rain'],0,0,22.3,11.2,15.9,1018.3,54.3,2.0,152.6,13.1,6,07:18:43,1580780923,18:04:38,1580819678,0.34,"Rain, Partially cloudy",Partly cloudy throughout the day with rain.,rain,"['42077099999', '42099099999', 'remote']",obs
2020-02-05,1580841000,18.7,7.7,11.8,18.7,6.1,11.3,7.8,78.3,0.0,0,0.0,,0,0,23.4,11.2,304.7,1018.5,0.30000000000000004,2.1,191.0,16.4,7,07:18:02,1580867282,18:05:32,1580906132,0.37,Clear,Clear conditions throughout the day.,clear-day,"['42077099999', '42099099999', 'remote']",obs
2020-02-06,1580927400,18.6,5.7,11.5,18.6,4.0,10.9,6.9,75.8,0.0,0,0.0,,0,0,16.9,9.7,252.8,1016.5,6.1,2.1,193.2,16.7,7,07:17:18,1580953638,18:06:25,1580992585,0.4,Clear,Clear conditions throughout the day.,clear-day,"['42077099999', '42099099999', 'remote']",obs
2020-02-07,1581013800,18.9,7.2,12.0,18.9,5.5,11.6,7.9,77.9,0.0,0,0.0,,0,0,16.6,11.2,320.6,1019.6,7.2,1.9,188.1,16.2,7,07:16:34,1581039994,18:07:18,1581079038,0.43,Clear,Clear conditions throughout the day.,clear-day,"['42077099999', '42099099999', 'remote']",obs
2020-02-08,1581100200,20.1,6.9,12.4,20.1,6.4,12.1,8.0,77.7,0.0,0,0.0,,0,0,20.5,10.4,297.0,1021.4,3.6,3.1,197.3,17.2,7,07:15:48,1581126348,18:08:10,1581165490,0.47000000000000003,Clear,Clear conditions throughout the day.,clear-day,"['42077099999', '42099099999', 'remote']",obs
2020-02-09,1581186600,20.5,5.5,12.4,20.5,3.6,11.9,8.5,79.8,0.0,0,0.0,,0,0,18.7,8.6,309.5,1021.8,16.5,2.1,200.3,17.4,7,07:15:01,1581212701,18:09:03,1581251943,0.5,Clear,Clear conditions throughout the day.,clear-day,"['42077099999', '42099099999', 'remote']",obs
2020-02-10,1581273000,20.4,5.7,12.5,20.4,3.8,11.9,8.1,78.3,0.0,0,0.0,,0,0,24.1,10.8,301.4,1019.8,52.9,2.8,198.8,17.1,7,07:14:12,1581299052,18:09:55,1581338395,0.53,Partially cloudy,Partly cloudy throughout the day.,partly-cloudy-day,"['42077099999', '42099099999', 'remote']",obs
2020-02-11,1581359400,21.2,7.1,13.3,21.2,5.6,13.1,9.3,79.4,0.0,0,0.0,,0,0,23.8,11.2,321.4,1020.0,63.2,2.2,194.1,17.0,7,07:13:22,1581385402,18:10:47,1581424847,0.5700000000000001,Partially cloudy,Partly cloudy throughout the day.,partly-cloudy-day,"['42077099999', '42099099999', 'remote']",obs
2020-02-12,1581445800,22.7,9.7,15.2,22.7,9.1,15.1,10.7,77.1,0.0,0,0.0,,0,0,27.7,13.3,313.1,1019.8,37.1,2.1,195.1,16.9,7,07:12:31,1581471751,18:11:38,1581511298,0.6000000000000001,Partially cloudy,Partly cloudy throughout the day.,partly-cloudy-day,"['42077099999', '42099099999', 'remote']",obs
2020-02-13,1581532200,25.2,11.4,17.0,25.2,11.4,17.0,11.9,73.8,0.0,0,0.0,,0,0,30.6,16.6,300.7,1016.8,20.5,2.3,197.7,17.2,7,07:11:39,1581558099,18:12:29,1581597749,0.64,Partially cloudy,Partly cloudy throughout the day.,partly-cloudy-day,"['42077099999', '42099099999', 'remote']",obs
2020-02-14,1581618600,23.4,11.7,16.3,23.4,11.7,16.3,11.0,73.2,0.0,0,0.0,,0,0,31.7,15.8,295.2,1013.9,2.8,2.3,205.8,17.7,7,07:10:46,1581644446,18:13:20,1581684200,0.67,Clear,Clear conditions throughout the day.,clear-day,"['42077099999', '42099099999', 'remote']",obs
2020-02-15,1581705000,24.1,7.9,15.1,24.1,7.9,15.0,8.9,68.9,0.0,0,0.0,,0,0,29.5,13.7,302.6,1013.5,5.3,2.3,211.9,18.3,8,07:09:51,1581730791,18:14:10,1581770650,0.71,Clear,Clear conditions throughout the day.,clear-day,"['42077099999', '42099099999', 'remote']",obs
2020-02-16,1581791400,25.9,8.6,15.6,25.9,7.3,15.4,9.4,72.8,0.0,0,0.0,,0,0,20.2,10.8,315.6,1016.4,30.1,2.1,210.2,18.2,8,07:08:56,1581817136,18:15:00,1581857100,0.75,Partially cloudy,Partly cloudy throughout the day.,partly-cloudy-day,"['42077099999', '42099099999', 'remote']",obs
2020-02-17,1581877800,25.1,8.5,15.4,25.1,7.1,15.2,9.9,74.7,0.0,0,0.0,,0,0,25.2,11.9,315.0,1017.7,0.0,3.1,216.5,18.6,8,07:07:59,1581903479,18:15:50,1581943550,0.78,Clear,Clear conditions throughout the day.,clear-day,"['42077099999', '42099099999', 'remote']",obs
2020-02-18,1581964200,26.1,8.7,16.0,26.1,7.7,15.7,9.3,70.1,0.0,0,0.0,,0,0,22.3,11.5,297.2,1014.6,11.9,2.1,217.2,18.7,8,07:07:01,1581989821,18:16:39,1582029999,0.81,Clear,Clear conditions throughout the day.,clear-day,"['42077099999', '42099099999', 'remote']",obs
2020-02-19,1582050600,22.0,10.0,16.4,22.0,8.8,16.3,11.4,74.6,0.0,0,0.0,,0,0,43.9,21.6,122.1,1012.2,57.3,2.1,164.0,14.3,6,07:06:03,1582076163,18:17:28,1582116448,0.85,Partially cloudy,Partly cloudy throughout the day.,partly-cloudy-day,"['42077099999', '42099099999', 'remote']",obs
2020-02-20,1582137000,22.7,15.7,18.7,22.7,15.7,18.7,13.5,72.6,16.4,100,70.83,['rain'],0,0,43.9,18.4,110.4,1013.2,70.9,2.3,149.5,12.9,6,07:05:03,1582162503,18:18:16,1582202896,0.88,"Rain, Partially cloudy",Partly cloudy throughout the day with a chance of rain throughout the day.,rain,"['42077099999', '42099099999', 'remote']",obs
2020-02-21,1582223400,21.4,13.7,17.0,21.4,13.7,17.0,13.2,78.9,5.8,100,41.67,['rain'],0,0,42.1,15.8,119.6,1018.4,56.6,4.4,164.1,14.1,6,07:04:02,1582248842,18:19:04,1582289344,0.92,"Rain, Partially cloudy",Partly cloudy throughout the day with a chance of rain throughout the day.,rain,"['42077099999', '42099099999', 'remote']",obs
2020-02-22,1582309800,23.9,11.7,16.9,23.9,11.7,16.9,13.0,80.0,0.0,0,0.0,,0,0,23.0,9.7,344.3,1021.7,5.6,3.6,210.7,18.1,8,07:03:00,1582335180,18:19:52,1582375792,0.9500000000000001,Clear,Clear conditions throughout the day.,clear-day,"['42077099999', '42099099999', 'remote']",obs
2020-02-23,1582396200,25.1,12.1,17.6,25.1,12.1,17.6,13.6,79.4,0.2,100,8.33,['rain'],0,0,20.5,9.4,309.7,1019.1,16.6,2.6,210.4,18.1,8,07:01:58,1582421518,18:20:39,1582462239,0.0,Rain,Clear conditions throughout the day with rain.,rain,"['42077099999', '42099099999', 'remote']",obs
2020-02-24,1582482600,24.7,12.1,17.7,24.7,12.1,17.7,13.8,80.1,0.0,0,0.0,,0,0,24.5,10.8,312.4,1015.8,23.0,3.1,208.7,17.8,8,07:00:54,1582507854,18:21:26,1582548686,0.02,Partially cloudy,Clearing in the afternoon.,partly-cloudy-day,"['42077099999', '42099099999', 'remote']",obs
2020-02-25,1582569000,24.6,11.9,17.7,24.6,11.9,17.7,13.5,78.9,0.0,0,0.0,,0,0,20.9,9.4,308.4,1013.9,8.8,2.3,210.8,18.2,8,06:59:50,1582594190,18:22:13,1582635133,0.05,Clear,Clear conditions throughout the day.,clear-day,"['42077099999', '42099099999', 'remote']",obs
2020-02-26,1582655400,24.6,14.0,19.0,24.6,14.0,19.0,14.8,78.3,0.0,0,0.0,,0,0,21.2,9.0,255.2,1014.1,27.0,1.7000000000000002,215.3,18.6,8,06:58:45,1582680525,18:22:59,1582721579,0.09,Partially cloudy,Partly cloudy throughout the day.,partly-cloudy-day,"['42077099999', '42099099999', 'remote']",obs
2020-02-27,1582741800,24.2,13.9,18.6,24.2,13.9,18.6,15.5,83.8,0.0,0,0.0,,0,0,17.6,8.3,118.5,1014.9,65.1,1.4,184.4,16.0,7,06:57:39,1582766859,18:23:45,1582808025,0.12,Partially cloudy,Partly cloudy throughout the day.,partly-cloudy-day,"['42077099999', '42099099999', 'remote']",obs
2020-02-28,1582828200,23.7,15.0,18.9,23.7,15.0,18.9,15.6,82.3,10.3,100,16.67,['rain'],0,0,33.5,18.4,103.8,1013.4,45.1,1.4,186.9,16.1,7,06:56:32,1582853192,18:24:30,1582894470,0.15,"Rain, Partially cloudy",Partly cloudy throughout the day with late afternoon rain.,rain,"['42077099999', '42099099999', 'remote']",obs
2020-02-29,1582914600,22.1,15.2,18.1,22.1,15.2,18.1,15.4,84.2,10.3,100,87.5,['rain'],0,0,38.2,19.1,93.3,1012.9,76.7,2.1,155.9,13.4,7,06:55:25,1582939525,18:25:15,1582980915,0.19,"Rain, Partially cloudy",Partly cloudy throughout the day with a chance of rain throughout the day.,rain,"['42077099999', '42099099999', 'remote']",obs
2020-03-01,1583001000,25.1,12.6,18.4,25.1,12.6,18.4,14.2,78.9,3.2,100,16.67,['rain'],0,0,20.5,11.2,9.4,1014.5,20.1,3.1,215.8,18.5,8,06:54:17,1583025857,18:26:00,1583067360,0.22,"Rain, Partially cloudy",Partly cloudy throughout the day with rain clearing later.,rain,"['42077099999', '42099099999', 'remote']",obs
2020-03-02,1583087400,25.7,13.1,18.8,25.7,13.1,18.8,14.8,79.5,0.0,0,0.0,,0,0,14.8,9.7,320.3,1013.4,7.9,3.1,217.0,18.9,8,06:53:08,1583112188,18:26:45,1583153805,0.25,Clear,Clear conditions throughout the day.,clear-day,"['42077099999', '42099099999', 'remote']",obs
2020-03-03,1583173800,25.9,13.5,19.1,25.9,13.5,19.1,14.3,76.7,0.0,0,0.0,,0,0,19.8,9.0,306.2,1011.8,8.7,2.3,222.6,19.3,8,06:51:59,1583198519,18:27:29,1583240249,0.25,Clear,Clear conditions throughout the day.,clear-day,"['42077099999', '42099099999', 'remote']",obs
2020-03-04,1583260200,26.2,14.6,19.9,26.2,14.6,19.9,14.3,73.2,0.0,0,0.0,,0,0,19.1,7.6,25.4,1010.4,40.6,3.1,223.1,19.4,8,06:50:49,1583284849,18:28:12,1583326692,0.32,Partially cloudy,Becoming cloudy in the afternoon.,partly-cloudy-day,"['42077099999', '42099099999', 'remote']",obs
2020-03-05,1583346600,22.8,14.6,17.9,22.8,14.6,17.9,14.1,79.2,7.2,100,41.67,['rain'],0,0,45.4,17.6,105.5,1011.1,57.5,2.8,168.1,14.6,7,06:49:39,1583371179,18:28:56,1583413136,0.35000000000000003,"Rain, Partially cloudy",Partly cloudy throughout the day with rain.,rain,"['42077099999', '42099099999', 'remote']",obs
2020-03-06,1583433000,18.1,13.7,15.3,18.1,13.7,15.3,13.3,88.5,22.2,100,83.33,['rain'],0,0,49.3,27.7,115.7,1009.6,96.4,3.2,51.7,4.3,2,06:48:28,1583457508,18:29:39,1583499579,0.39,"Rain, Overcast",Cloudy skies throughout the day with a chance of rain throughout the day.,rain,"['42077099999', '42099099999', 'remote']",obs
2020-03-07,1583519400,16.6,12.6,14.6,16.6,12.6,14.6,12.9,89.9,11.2,100,87.5,['rain'],0,0,38.2,20.5,122.1,1014.3,81.0,2.2,132.6,11.5,5,06:47:16,1583543836,18:30:22,1583586022,0.42,"Rain, Partially cloudy",Partly cloudy throughout the day with a chance of rain throughout the day.,rain,"['42077099999', '42099099999', 'remote']",obs
2020-03-08,1583605800,22.7,11.6,16.6,22.7,11.6,16.6,13.1,81.5,0.7000000000000001,100,12.5,['rain'],0,0,20.2,11.2,13.8,1017.3,15.1,3.1,230.8,19.9,8,06:46:04,1583630164,18:31:04,1583672464,0.45,Rain,Clear conditions throughout the day with rain.,rain,"['42077099999', '42099099999', 'remote']",obs
2020-03-09,1583692200,23.7,11.9,16.8,23.7,11.9,16.8,11.4,74.0,0.0,0,0.0,,0,0,31.7,15.5,306.1,1014.2,2.4,3.1,253.9,21.9,9,06:44:52,1583716492,18:31:47,1583758907,0.5,Clear,Clear conditions throughout the day.,clear-day,"['42077099999', '42099099999', 'remote']",obs
2020-03-10,1583778600,24.0,10.6,17.5,24.0,10.6,17.5,11.0,68.6,0.0,0,0.0,,0,0,15.1,9.7,318.0,1011.9,11.6,3.1,254.3,22.2,9,06:43:39,1583802819,18:32:29,1583845349,0.52,Clear,Clear conditions throughout the day.,clear-day,"['42077099999', '42099099999', 'remote']",obs
2020-03-11,1583865000,19.8,12.8,15.8,19.8,12.8,15.8,12.9,83.2,14.1,100,41.67,['rain'],0,0,46.8,18.0,89.7,1010.1,68.3,2.4,131.6,11.4,5,06:42:25,1583889145,18:33:11,1583931791,0.55,"Rain, Partially cloudy",Partly cloudy throughout the day with rain.,rain,"['42077099999', '42099099999', 'remote']",obs
2020-03-12,1583951400,24.1,14.9,18.0,24.1,14.9,18.0,14.5,81.3,13.4,100,62.5,['rain'],0,0,48.2,23.8,130.2,1011.9,56.5,3.7,206.1,17.8,8,06:41:12,1583975472,18:33:52,1584018232,0.59,"Rain, Partially cloudy",Partly cloudy throughout the day with a chance of rain throughout the day.,rain,"['42077099999', '42099099999', 'remote']",obs
2020-03-13,1584037800,24.4,13.1,17.3,24.4,13.1,17.3,12.7,76.1,10.4,100,37.5,['rain'],0,0,42.8,19.1,90.2,1014.6,42.6,3.5,220.6,19.0,8,06:39:58,1584061798,18:34:33,1584104673,0.62,"Rain, Partially cloudy",Partly cloudy throughout the day with rain.,rain,"['42077099999', '42099099999', 'remote']",obs
2020-03-14,1584124200,19.0,12.7,14.6,19.0,12.7,14.6,12.0,85.0,16.5,100,58.33,['rain'],0,0,29.5,14.4,94.3,1016.9,64.0,2.5,192.3,16.6,8,06:38:44,1584148124,18:35:15,1584191115,0.65,"Rain, Partially cloudy",Partly cloudy throughout the day with a chance of rain throughout the day.,rain,"['42077099999', '42099099999', 'remote']",obs
2020-03-15,1584210600,23.6,11.3,16.6,23.6,11.3,16.6,12.2,77.7,0.0,0,0.0,,0,0,18.4,8.6,352.0,1017.9,22.7,3.1,245.2,21.2,8,06:37:29,1584234449,18:35:55,1584277555,0.6900000000000001,Partially cloudy,Partly cloudy throughout the day.,partly-cloudy-day,"['42077099999', '42099099999', 'remote']",obs
2020-03-16,1584297000,24.8,12.3,18.2,24.8,12.3,18.2,13.3,75.1,0.0,0,0.0,,0,0,24.1,11.2,309.3,1017.0,32.7,2.3,248.2,21.5,8,06:36:14,1584320774,18:36:36,1584363996,0.75,Partially cloudy,Partly cloudy throughout the day.,partly-cloudy-day,"['42077099999', '42099099999', 'remote']",obs
2020-03-17,1584383400,26.2,13.2,19.3,26.2,13.2,19.3,14.0,74.2,0.0,0,0.0,,0,0,27.4,12.6,304.1,1016.6,7.5,3.2,255.6,22.1,9,06:34:59,1584407099,18:37:17,1584450437,0.76,Clear,Clear conditions throughout the day.,clear-day,"['42077099999', '42099099999', 'remote']",obs
2020-03-18,1584469800,26.7,14.4,20.3,26.7,14.4,20.3,14.9,73.4,0.4,100,16.67,['rain'],0,0,27.7,11.2,304.3,1015.0,63.3,3.7,239.7,20.6,8,06:33:44,1584493424,18:37:57,1584536877,0.79,"Rain, Partially cloudy",Partly cloudy throughout the day with rain.,rain,"['42077099999', '42099099999', 'remote']",obs
2020-03-19,1584556200,27.6,15.4,21.2,28.0,15.4,21.3,15.8,73.5,0.30000000000000004,100,4.17,['rain'],0,0,25.6,8.6,335.6,1011.6,65.6,3.1,244.3,21.1,8,06:32:29,1584579749,18:38:37,1584623317,0.8300000000000001,"Rain, Partially cloudy",Partly cloudy throughout the day with afternoon rain.,rain,"['42077099999', '42099099999', 'remote']",obs
2020-03-20,1584642600,27.7,15.9,21.9,28.1,15.9,21.9,15.9,71.2,0.2,100,4.17,['rain'],0,0,14.8,8.3,28.2,1010.7,69.6,3.1,237.6,20.6,8,06:31:13,1584666073,18:39:17,1584709757,0.86,"Rain, Partially cloudy",Partly cloudy throughout the day with afternoon rain.,rain,"['42077099999', '42099099999', 'remote']",obs
2020-03-21,1584729000,25.7,16.5,20.3,25.7,16.5,20.3,16.2,78.3,4.5,100,25.0,['rain'],0,0,36.0,9.7,12.5,1011.4,74.4,2.1,213.7,18.4,8,06:29:58,1584752398,18:39:57,1584796197,0.89,"Rain, Partially cloudy",Partly cloudy throughout the day with rain.,rain,"['42077099999', '42099099999', 'remote']",obs
2020-03-22,1584815400,28.2,15.8,20.7,27.6,15.8,20.7,15.0,72.5,0.0,0,0.0,,0,0,27.0,11.2,340.8,1013.1,27.1,3.6,263.5,22.8,9,06:28:42,1584838722,18:40:37,1584882637,0.93,Partially cloudy,Partly cloudy throughout the day.,partly-cloudy-day,"['42077099999', '42099099999', 'remote']",obs
2020-03-23,1584901800,29.2,15.5,21.8,28.9,15.5,21.8,15.4,69.8,0.0,0,0.0,,0,0,14.4,10.4,333.8,1012.4,75.2,3.7,264.3,22.9,9,06:27:27,1584925047,18:41:17,1584969077,0.96,Partially cloudy,Partly cloudy throughout the day.,partly-cloudy-day,"['42077099999', '42099099999', 'remote']",obs
2020-03-24,1584988200,25.4,17.3,20.8,25.4,17.3,20.8,16.7,77.6,1.8,100,29.17,['rain'],0,0,29.9,25.9,49.7,1011.5,86.4,2.3,176.8,15.1,7,06:26:11,1585011371,18:41:56,1585055516,0.0,"Rain, Partially cloudy",Partly cloudy throughout the day with a chance of rain throughout the day.,rain,"['42077099999', '42099099999', 'remote']",obs
2020-03-25,1585074600,28.2,16.1,20.9,28.5,16.1,20.9,16.3,76.3,1.7000000000000002,100,8.33,['rain'],0,0,23.8,11.2,345.8,1012.4,63.0,3.7,257.8,22.3,9,06:24:55,1585097695,18:42:36,1585141956,0.03,"Rain, Partially cloudy",Partly cloudy throughout the day with early morning rain.,rain,"['42077099999', '42099099999', 'remote']",obs
2020-03-26,1585161000,27.9,17.4,21.8,28.4,17.4,21.9,16.6,74.5,0.0,0,0.0,,0,0,22.7,11.2,308.5,1012.7,95.6,2.5,179.6,15.6,7,06:23:40,1585184020,18:43:15,1585228395,0.06,Overcast,Cloudy skies throughout the day.,cloudy,"['42077099999', '42099099999', 'remote']",obs
2020-03-27,1585247400,22.1,18.0,19.5,22.1,18.0,19.5,17.3,87.3,45.3,100,70.83,['rain'],0,0,42.8,21.2,179.8,1013.0,94.3,2.8,81.5,7.1,4,06:22:24,1585270344,18:43:54,1585314834,0.1,"Rain, Overcast",Cloudy skies throughout the day with rain.,rain,"['42077099999', '42099099999', 'remote']",obs
2020-03-28,1585333800,26.1,15.9,20.6,26.1,15.9,20.6,16.4,78.7,0.1,100,4.17,['rain'],0,0,23.8,11.9,123.4,1015.4,39.8,3.6,233.4,20.1,8,06:21:09,1585356669,18:44:34,1585401274,0.13,"Rain, Partially cloudy",Partly cloudy throughout the day with early morning rain.,rain,"['42077099999', '42099099999', 'remote']",obs
2020-03-29,1585420200,27.0,16.5,21.2,27.3,16.5,21.3,15.5,72.3,0.2,100,4.17,['rain'],0,0,29.9,14.4,320.3,1013.5,4.4,3.5,277.8,24.0,9,06:19:53,1585442993,18:45:13,1585487713,0.17,Rain,Clear conditions throughout the day with afternoon rain.,rain,"['42077099999', '42099099999', 'remote']",obs
2020-03-30,1585506600,27.4,15.6,20.9,27.4,15.6,20.9,15.0,71.6,0.0,0,0.0,,0,0,32.0,15.1,321.8,1013.2,70.7,3.2,258.4,22.1,9,06:18:38,1585529318,18:45:52,1585574152,0.2,Partially cloudy,Partly cloudy throughout the day.,partly-cloudy-day,"['42077099999', '42099099999', 'remote']",obs
2020-03-31,1585593000,25.8,16.6,20.3,25.8,16.6,20.3,15.5,75.1,0.30000000000000004,100,12.5,['rain'],0,0,35.3,24.8,9.9,1012.3,87.7,3.7,155.3,13.3,7,06:17:23,1585615643,18:46:31,1585660591,0.23,"Rain, Partially cloudy",Partly cloudy throughout the day with rain.,rain,"['42077099999', '42099099999', 'remote']",obs
2020-04-01,1585679400,28.9,15.7,22.0,29.3,15.7,22.0,15.1,67.0,0.1,100,4.17,['rain'],0,0,24.1,10.8,353.7,1011.6,27.5,4.0,276.0,23.9,9,06:16:09,1585701969,18:47:11,1585747031,0.25,"Rain, Partially cloudy",Partly cloudy throughout the day with late afternoon rain.,rain,"['42077099999', '42099099999', 'remote']",obs
2020-04-02,1585765800,27.7,17.5,21.8,27.4,17.5,21.8,14.3,65.2,0.30000000000000004,100,4.17,['rain'],0,0,29.9,14.0,328.2,1011.8,12.5,3.6,275.8,23.9,9,06:14:54,1585788294,18:47:50,1585833470,0.30000000000000004,Rain,Clear conditions throughout the day with afternoon rain.,rain,"['42077099999', '42099099999', 'remote']",obs
2020-04-03,1585852200,28.1,14.2,20.8,27.3,14.2,20.7,12.9,64.6,0.0,0,0.0,,0,0,27.7,12.2,318.3,1012.7,15.4,4.0,287.0,24.8,9,06:13:40,1585874620,18:48:29,1585919909,0.34,Clear,Clear conditions throughout the day.,clear-day,"['42077099999', '42099099999', 'remote']",obs
2020-04-04,1585938600,29.7,14.1,21.7,28.9,14.1,21.6,14.1,66.0,0.0,0,0.0,,0,0,23.8,11.5,321.5,1012.6,12.2,3.7,290.9,25.1,9,06:12:26,1585960946,18:49:08,1586006348,0.37,Clear,Clear conditions throughout the day.,clear-day,"['42077099999', '42099099999', 'remote']",obs
2020-04-05,1586025000,30.1,17.4,23.5,30.2,17.4,23.5,15.8,64.5,0.0,0,0.0,,0,0,20.9,18.7,19.4,1012.8,39.1,3.3,251.5,21.8,9,06:11:12,1586047272,18:49:47,1586092787,0.4,Partially cloudy,Partly cloudy throughout the day.,partly-cloudy-day,"['42077099999', '42099099999', 'remote']",obs
2020-04-06,1586111400,30.9,17.1,23.4,30.4,17.1,23.4,15.7,65.1,0.0,0,0.0,,0,0,30.6,14.0,335.8,1012.8,15.7,3.7,281.1,24.2,9,06:09:59,1586133599,18:50:27,1586179227,0.44,Clear,Clear conditions throughout the day.,clear-day,"['42077099999', '42099099999', 'remote']",obs
2020-04-07,1586197800,26.7,17.6,21.2,26.7,17.6,21.2,16.1,74.2,0.0,0,0.0,,0,0,30.6,14.4,333.2,1011.2,58.8,3.7,234.2,20.1,8,06:08:46,1586219926,18:51:06,1586265666,0.47000000000000003,Partially cloudy,Partly cloudy throughout the day.,partly-cloudy-day,"['42077099999', '42099099999', 'remote']",obs
2020-04-08,1586284200,29.2,15.8,21.9,28.0,15.8,21.8,14.6,67.2,0.0,0,0.0,,0,0,22.0,10.1,317.5,1011.3,10.0,3.7,285.3,24.6,9,06:07:34,1586306254,18:51:46,1586352106,0.5,Clear,Clear conditions throughout the day.,clear-day,"['42077099999', '42099099999', 'remote']",obs
2020-04-09,1586370600,30.9,16.3,22.9,30.1,16.3,22.9,15.6,67.7,0.0,0,0.0,,0,0,20.2,10.1,334.7,1011.0,65.3,3.7,283.6,24.4,9,06:06:22,1586392582,18:52:25,1586438545,0.54,Partially cloudy,Partly cloudy throughout the day.,partly-cloudy-day,"['42077099999', '42099099999', 'remote']",obs
2020-04-10,1586457000,33.4,19.4,25.0,31.8,19.4,24.8,15.6,60.2,0.0,0,0.0,,0,0,27.7,13.7,342.1,1011.8,59.2,3.7,262.0,22.7,8,06:05:10,1586478910,18:53:04,1586524984,0.5700000000000001,Partially cloudy,Partly cloudy throughout the day.,partly-cloudy-day,"['42077099999', '42099099999', 'remote']",obs
2020-04-11,1586543400,34.1,18.9,25.5,32.9,18.9,25.4,16.6,62.9,0.0,0,0.0,,0,0,21.6,9.0,324.2,1013.3,29.3,3.7,294.5,25.4,9,06:03:59,1586565239,18:53:44,1586611424,0.61,Partially cloudy,Partly cloudy throughout the day.,partly-cloudy-day,"['42077099999', '42099099999', 'remote']",obs
2020-04-12,1586629800,33.7,18.2,25.8,33.5,18.2,25.8,16.6,61.1,0.0,0,0.0,,0,0,27.7,11.9,311.1,1010.5,60.7,4.0,290.1,25.1,9,06:02:48,1586651568,18:54:24,1586697864,0.64,Partially cloudy,Partly cloudy throughout the day.,partly-cloudy-day,"['42077099999', '42099099999', 'remote']",obs
2020-04-13,1586716200,35.7,20.3,26.8,35.5,20.3,27.2,18.2,63.3,0.0,0,0.0,,0,0,27.7,13.0,335.0,1008.2,72.7,3.7,259.7,22.2,8,06:01:38,1586737898,18:55:03,1586784303,0.67,Partially cloudy,Partly cloudy throughout the day.,partly-cloudy-day,"['42077099999', '42099099999', 'remote']",obs
2020-04-14,1586802600,38.1,20.9,29.0,37.8,20.9,29.5,18.4,57.9,1.7000000000000002,100,4.17,['rain'],0,0,30.2,16.9,83.0,1007.5,72.2,3.7,275.6,23.8,9,06:00:29,1586824229,18:55:43,1586870743,0.71,"Rain, Partially cloudy",Partly cloudy throughout the day with afternoon rain.,rain,"['42077099999', '42099099999', 'remote']",obs
2020-04-15,1586889000,37.7,24.6,29.9,37.3,24.6,30.2,16.5,47.1,1.9,100,8.33,['rain'],0,0,37.8,18.0,119.7,1007.8,35.7,4.0,280.6,24.3,9,05:59:20,1586910560,18:56:23,1586957183,0.75,"Rain, Partially cloudy",Partly cloudy throughout the day with afternoon rain.,rain,"['42077099999', '42099099999', 'remote']",obs
2020-04-16,1586975400,35.7,21.8,27.8,35.3,21.8,28.0,16.7,54.3,0.0,0,0.0,,0,0,21.6,10.8,304.4,1007.5,67.2,3.7,288.5,24.9,9,05:58:11,1586996891,18:57:03,1587043623,0.77,Partially cloudy,Partly cloudy throughout the day.,partly-cloudy-day,"['42077099999', '42099099999', 'remote']",obs
2020-04-17,1587061800,28.9,22.5,25.1,28.5,22.5,25.2,17.1,61.7,0.6000000000000001,100,16.67,['rain'],0,0,29.9,15.8,19.2,1007.9,82.2,4.0,155.9,13.4,6,05:57:04,1587083224,18:57:43,1587130063,0.81,"Rain, Partially cloudy",Partly cloudy throughout the day with a chance of rain throughout the day.,rain,"['42077099999', '42099099999', 'remote']",obs
2020-04-18,1587148200,33.4,18.7,25.0,32.7,18.7,25.0,16.5,62.9,3.7,100,50.0,['rain'],0,0,34.6,16.2,36.9,1009.6,47.3,4.7,261.8,22.6,9,05:55:57,1587169557,18:58:24,1587216504,0.84,"Rain, Partially cloudy",Partly cloudy throughout the day with a chance of rain throughout the day.,rain,"['42077099999', '42099099999', 'remote']",obs
2020-04-19,1587234600,32.7,20.2,26.1,32.2,20.2,25.8,15.5,55.7,1.0,100,8.33,['rain'],0,0,23.8,13.3,339.2,1009.0,31.7,4.0,278.7,24.0,9,05:54:51,1587255891,18:59:04,1587302944,0.87,"Rain, Partially cloudy",Partly cloudy throughout the day with rain.,rain,"['42077099999', '42099099999', 'remote']",obs
2020-04-20,1587321000,29.9,19.1,23.1,29.3,19.1,23.0,16.8,69.7,3.9,100,16.67,['rain'],0,0,28.8,13.0,4.9,1009.6,68.5,3.5,242.0,20.9,9,05:53:45,1587342225,18:59:44,1587389384,0.91,"Rain, Partially cloudy",Partly cloudy throughout the day with rain.,rain,"['42077099999', '42099099999', 'remote']",obs
2020-04-21,1587407400,31.3,16.7,24.0,30.5,16.7,23.7,15.1,62.3,0.0,0,0.0,,0,0,28.4,11.9,350.1,1010.0,16.7,4.0,297.1,25.7,9,05:52:40,1587428560,19:00:25,1587475825,0.9400000000000001,Clear,Clear conditions throughout the day.,clear-day,"['42077099999', '42099099999', 'remote']",obs
2020-04-22,1587493800,32.8,18.6,25.5,32.0,18.6,25.2,15.3,57.8,0.0,0,0.0,,0,0,22.7,9.0,338.4,1008.1,19.0,4.0,304.8,26.3,10,05:51:36,1587514896,19:01:05,1587562265,0.97,Clear,Clear conditions throughout the day.,clear-day,"['42077099999', '42099099999', 'remote']",obs
2020-04-23,1587580200,35.1,19.9,27.0,34.2,19.9,26.7,15.6,54.5,0.0,0,0.0,,0,0,19.8,9.7,340.1,1006.8,22.6,3.7,305.6,26.3,10,05:50:33,1587601233,19:01:46,1587648706,0.0,Partially cloudy,Partly cloudy throughout the day.,partly-cloudy-day,"['42077099999', '42099099999', 'remote']",obs
2020-04-24,1587666600,35.7,20.0,27.8,34.8,20.0,27.6,15.8,52.4,0.0,0,0.0,,0,0,17.3,9.7,1.9,1005.2,16.6,3.7,303.1,26.2,9,05:49:31,1587687571,19:02:27,1587735147,0.04,Clear,Clear conditions throughout the day.,clear-day,"['42077099999', '42099099999', 'remote']",obs
2020-04-25,1587753000,31.9,22.1,26.3,31.1,22.1,26.3,16.7,57.1,1.1,100,12.5,['rain'],0,0,27.0,9.7,349.9,1006.1,58.2,3.7,234.9,20.4,9,05:48:29,1587773909,19:03:08,1587821588,0.08,"Rain, Partially cloudy",Partly cloudy throughout the day with rain.,rain,"['42077099999', '42099099999', 'remote']",obs
2020-04-26,1587839400,31.0,21.9,25.6,31.9,21.9,25.8,18.0,64.6,10.0,100,29.17,['rain'],0,0,32.0,16.6,84.6,1008.2,43.8,3.7,257.6,22.4,8,05:47:28,1587860248,19:03:48,1587908028,0.11,"Rain, Partially cloudy",Partly cloudy throughout the day with rain.,rain,"['42077099999', '42099099999', 'remote']",obs
2020-04-27,1587925800,28.3,19.5,23.0,28.8,19.5,23.1,18.8,78.3,59.7,100,75.0,['rain'],0,0,40.3,17.6,89.8,1012.5,60.2,4.0,165.3,14.2,7,05:46:29,1587946589,19:04:29,1587994469,0.15,"Rain, Partially cloudy",Partly cloudy throughout the day with a chance of rain throughout the day.,rain,"['42077099999', '42099099999', 'remote']",obs
2020-04-28,1588012200,33.2,19.4,25.6,34.1,19.4,26.3,18.9,69.0,0.0,0,0.0,,0,0,25.2,8.3,61.4,1012.5,37.6,4.0,262.5,22.7,9,05:45:30,1588032930,19:05:11,1588080911,0.18,Partially cloudy,Partly cloudy throughout the day.,partly-cloudy-day,"['42077099999', '42099099999', 'remote']",obs
2020-04-29,1588098600,34.7,21.0,27.6,37.1,21.0,28.4,19.9,66.6,0.0,0,0.0,,0,0,16.6,9.0,27.4,1008.8,18.2,3.7,305.9,26.3,9,05:44:32,1588119272,19:05:52,1588167352,0.22,Clear,Clear conditions throughout the day.,clear-day,"['42077099999', '42099099999', 'remote']",obs
2020-04-30,1588185000,36.7,23.2,28.6,39.1,23.2,30.1,20.9,66.7,0.30000000000000004,100,4.17,['rain'],0,0,26.3,10.1,60.4,1008.2,52.4,3.6,291.0,25.0,9,05:43:35,1588205615,19:06:33,1588253793,0.25,"Rain, Partially cloudy",Partly cloudy throughout the day with late afternoon rain.,rain,"['42077099999', '42099099999', 'remote']",obs
2020-05-01,1588271400,39.4,21.6,29.2,40.1,21.6,30.4,20.1,63.0,0.0,0,0.0,,0,0,20.2,9.4,84.2,1006.2,26.7,3.7,307.6,26.6,10,05:42:39,1588291959,19:07:14,1588340234,0.25,Partially cloudy,Becoming cloudy in the afternoon.,partly-cloudy-day,"['42077099999', '42099099999', 'remote']",obs
2020-05-02,1588357800,33.1,23.6,27.7,35.1,23.6,29.2,21.3,69.5,0.0,0,0.0,,0,0,36.7,18.0,87.4,1005.9,77.9,4.0,200.9,17.4,9,05:41:45,1588378305,19:07:55,1588426675,0.32,Partially cloudy,Partly cloudy throughout the day.,partly-cloudy-day,"['42077099999', '42099099999', 'remote']",obs
2020-05-03,1588444200,34.2,20.8,26.1,36.6,20.8,26.9,20.5,74.2,5.2,100,41.67,['rain'],0,0,33.5,22.3,16.6,1007.4,69.9,4.0,219.9,18.9,9,05:40:51,1588464651,19:08:37,1588513117,0.35000000000000003,"Rain, Partially cloudy",Partly cloudy throughout the day with a chance of rain throughout the day.,rain,"['42077099999', '42099099999', 'remote']",obs
2020-05-04,1588530600,32.5,19.3,26.1,35.9,19.3,26.7,19.2,69.3,0.0,0,0.0,,0,0,20.5,8.3,332.8,1009.3,58.2,4.0,285.6,24.6,9,05:39:58,1588550998,19:09:18,1588599558,0.39,Partially cloudy,Partly cloudy throughout the day.,partly-cloudy-day,"['42077099999', '42099099999', 'remote']",obs
2020-05-05,1588617000,36.2,21.8,27.5,35.8,21.8,28.0,18.8,63.0,2.7,100,25.0,['rain'],0,0,25.2,11.2,319.8,1007.6,39.0,3.7,280.5,24.2,9,05:39:06,1588637346,19:09:59,1588685999,0.42,"Rain, Partially cloudy",Becoming cloudy in the afternoon with rain.,rain,"['42077099999', '42099099999', 'remote']",obs
2020-05-06,1588703400,33.7,22.2,26.6,32.8,22.2,26.7,18.5,64.0,0.9,100,8.33,['rain'],0,0,24.5,10.8,3.2,1006.9,41.4,4.0,262.4,22.7,9,05:38:16,1588723696,19:10:40,1588772440,0.46,"Rain, Partially cloudy",Partly cloudy throughout the day with afternoon rain.,rain,"['42077099999', '42099099999', 'remote']",obs
2020-05-07,1588789800,34.9,18.5,26.6,35.1,18.5,26.7,16.6,58.4,0.0,0,0.0,,0,0,19.1,9.0,64.4,1007.6,10.3,4.0,321.5,27.8,10,05:37:27,1588810047,19:11:22,1588858882,0.5,Clear,Clear conditions throughout the day.,clear-day,"['42077099999', '42099099999', 'remote']",obs
2020-05-08,1588876200,37.4,20.0,28.2,37.6,20.0,28.5,17.2,56.6,0.0,0,0.0,,0,0,19.4,9.7,32.5,1005.6,35.3,4.0,313.2,27.0,10,05:36:39,1588896399,19:12:03,1588945323,0.53,Partially cloudy,Partly cloudy throughout the day.,partly-cloudy-day,"['42077099999', '42099099999', 'remote']",obs
2020-05-09,1588962600,38.4,22.7,30.0,40.6,22.7,31.1,19.1,55.5,0.1,100,4.17,['rain'],0,0,28.4,10.4,44.3,1006.0,51.3,3.6,298.7,25.8,10,05:35:52,1588982752,19:12:44,1589031764,0.56,"Rain, Partially cloudy",Clearing in the afternoon with afternoon rain.,rain,"['42077099999', '42099099999', 'remote']",obs
2020-05-10,1589049000,32.8,22.9,27.3,34.3,22.9,27.6,18.9,61.9,0.7000000000000001,100,8.33,['rain'],0,0,32.0,16.6,84.7,1007.4,31.1,4.0,291.3,25.3,10,05:35:06,1589069106,19:13:25,1589118205,0.59,"Rain, Partially cloudy",Clearing in the afternoon with afternoon rain.,rain,"['42077099999', '42099099999', 'remote']",obs
2020-05-11,1589135400,35.1,21.2,28.3,37.0,21.2,29.1,18.5,57.7,0.4,100,8.33,['rain'],0,0,32.4,17.3,115.7,1008.0,56.4,4.0,266.6,23.1,8,05:34:21,1589155461,19:14:06,1589204646,0.63,"Rain, Partially cloudy",Partly cloudy throughout the day with afternoon rain.,rain,"['42077099999', '42099099999', 'remote']",obs
2020-05-12,1589221800,34.7,21.1,27.8,36.0,21.1,28.5,18.3,58.7,0.0,0,0.0,,0,0,19.4,13.3,344.0,1008.3,64.3,4.0,293.5,25.5,9,05:33:38,1589241818,19:14:47,1589291087,0.66,Partially cloudy,Partly cloudy throughout the day.,partly-cloudy-day,"['42077099999', '42099099999', 'remote']",obs
2020-05-13,1589308200,34.1,23.3,28.3,37.4,23.3,29.8,20.3,63.5,3.1,100,12.5,['rain'],0,0,27.0,7.6,333.6,1006.7,75.7,3.6,256.4,22.1,8,05:32:56,1589328176,19:15:28,1589377528,0.6900000000000001,"Rain, Partially cloudy",Partly cloudy throughout the day with rain.,rain,"['42077099999', '42099099999', 'remote']",obs
2020-05-14,1589394600,33.1,24.3,26.5,35.5,24.3,27.3,19.8,67.5,1.2,100,16.67,['rain'],0,0,38.2,22.3,356.9,1007.2,68.5,2.6,208.5,18.1,8,05:32:15,1589414535,19:16:08,1589463968,0.75,"Rain, Partially cloudy",Partly cloudy throughout the day with rain.,rain,"['42077099999', '42099099999', 'remote']",obs
2020-05-15,1589481000,34.5,21.1,27.4,35.5,21.1,27.8,17.4,56.5,1.0,100,4.17,['rain'],0,0,34.6,15.8,317.4,1006.5,23.7,4.0,321.2,27.9,10,05:31:36,1589500896,19:16:48,1589550408,0.76,"Rain, Partially cloudy",Partly cloudy throughout the day with early morning rain.,rain,"['42077099999', '42099099999', 'remote']",obs
2020-05-16,1589567400,37.2,21.9,29.1,39.8,21.9,29.7,17.7,54.0,0.0,0,0.0,,0,0,24.5,12.2,305.7,1004.7,7.7,4.0,328.5,28.3,10,05:30:58,1589587258,19:17:28,1589636848,0.79,Clear,Clear conditions throughout the day.,clear-day,"['42077099999', '42099099999', 'remote']",obs
2020-05-17,1589653800,37.4,21.5,29.8,38.7,21.5,30.0,16.5,48.7,0.0,0,0.0,,0,0,23.0,10.4,311.8,1003.1,45.5,3.6,295.0,25.6,9,05:30:21,1589673621,19:18:08,1589723288,0.8200000000000001,Partially cloudy,Partly cloudy throughout the day.,partly-cloudy-day,"['42077099999', '42099099999', 'remote']",obs
2020-05-18,1589740200,38.4,21.3,29.7,36.2,21.3,29.3,13.6,40.7,0.4,100,4.17,['rain'],0,0,32.4,13.7,344.6,1002.8,10.7,4.0,302.0,26.2,10,05:29:46,1589759986,19:18:48,1589809728,0.85,Rain,Clear conditions throughout the day with afternoon rain.,rain,"['42077099999', '42099099999', 'remote']",obs
2020-05-19,1589826600,37.4,20.7,29.0,34.8,20.7,28.4,13.1,41.3,0.7000000000000001,100,8.33,['rain'],0,0,37.4,16.2,0.5,1002.7,26.5,3.7,292.3,25.2,9,05:29:12,1589846352,19:19:27,1589896167,0.89,"Rain, Partially cloudy",Partly cloudy throughout the day with afternoon rain.,rain,"['42077099999', '42099099999', 'remote']",obs
2020-05-20,1589913000,37.2,20.5,28.4,36.7,20.5,28.3,14.7,47.1,0.0,0,0.0,,0,0,29.2,14.4,321.3,1001.9,0.8,3.6,336.1,29.0,10,05:28:39,1589932719,19:20:06,1589982606,0.92,Clear,Clear conditions throughout the day.,clear-day,"['42077099999', '42099099999', 'remote']",obs
2020-05-21,1589999400,39.9,20.5,30.4,40.4,20.5,30.5,14.7,42.2,0.0,0,0.0,,0,0,33.5,16.9,304.9,1000.1,0.4,4.0,336.3,29.1,10,05:28:08,1590019088,19:20:45,1590069045,0.9500000000000001,Clear,Clear conditions throughout the day.,clear-day,"['42077099999', '42099099999', 'remote']",obs
2020-05-22,1590085800,42.2,22.2,31.6,42.4,22.2,32.5,17.2,46.7,0.1,100,4.17,['rain'],0,0,16.2,11.2,329.5,999.6,14.5,3.6,311.9,26.9,10,05:27:38,1590105458,19:21:23,1590155483,0.0,Rain,Clear conditions throughout the day with afternoon rain.,rain,"['42077099999', '42099099999', 'remote']",obs
2020-05-23,1590172200,41.8,25.5,33.2,43.7,25.5,34.0,17.2,41.3,0.2,100,8.33,['rain'],0,0,25.9,18.4,90.5,1000.7,17.7,3.5,305.3,26.6,10,05:27:10,1590191830,19:22:01,1590241921,0.02,Rain,Clear conditions throughout the day with rain.,rain,"['42077099999', '42099099999', 'remote']",obs
2020-05-24,1590258600,41.1,24.6,32.6,43.3,24.6,33.5,17.3,42.3,0.0,0,0.0,,0,0,28.1,11.5,357.9,1002.7,6.8,4.0,307.4,26.7,9,05:26:43,1590278203,19:22:39,1590328359,0.05,Clear,Clear conditions throughout the day.,clear-day,"['42077099999', '42099099999', 'remote']",obs
2020-05-25,1590345000,42.4,23.6,32.7,44.6,23.6,33.9,18.5,47.4,0.0,0,0.0,,0,0,27.7,15.5,331.6,1001.2,2.8,3.7,324.8,28.1,10,05:26:17,1590364577,19:23:16,1590414796,0.09,Clear,Clear conditions throughout the day.,clear-day,"['42077099999', '42099099999', 'remote']",obs
2020-05-26,1590431400,43.2,25.2,34.1,44.8,25.2,35.3,17.6,40.5,0.8,100,4.17,['rain'],0,0,24.5,15.8,38.0,999.6,8.6,3.6,313.9,27.3,9,05:25:53,1590450953,19:23:53,1590501233,0.13,Rain,Clear conditions throughout the day with afternoon rain.,rain,"['42077099999', '42099099999', 'remote']",obs
2020-05-27,1590517800,42.9,26.7,33.8,44.9,26.7,34.5,16.9,39.0,0.1,100,4.17,['rain'],0,0,29.2,12.2,59.6,998.1,13.5,4.0,312.6,27.2,10,05:25:30,1590537330,19:24:29,1590587669,0.16,Rain,Clear conditions throughout the day with late afternoon rain.,rain,"['42077099999', '42099099999', 'remote']",obs
2020-05-28,1590604200,38.1,27.2,31.3,40.1,27.8,32.4,17.8,45.2,0.4,100,8.33,['rain'],0,0,40.0,21.2,119.4,999.0,20.1,3.0,265.2,22.9,9,05:25:09,1590623709,19:25:04,1590674104,0.2,"Rain, Partially cloudy",Partly cloudy throughout the day with afternoon rain.,rain,"['42077099999', '42099099999', 'remote']",obs
2020-05-29,1590690600,33.1,23.6,28.4,34.9,23.6,29.2,19.0,57.7,7.0,100,33.33,['rain'],0,0,49.3,24.1,123.3,1002.8,41.4,4.0,257.4,22.4,9,05:24:50,1590710090,19:25:39,1590760539,0.23,"Rain, Partially cloudy",Partly cloudy throughout the day with rain.,rain,"['42077099999', '42099099999', 'remote']",obs
2020-05-30,1590777000,33.2,22.5,26.7,35.2,22.5,27.6,21.0,72.4,31.3,100,75.0,['rain'],0,0,38.2,16.6,117.0,1005.3,75.9,4.0,217.4,18.9,8,05:24:31,1590796471,19:26:13,1590846973,0.25,"Rain, Partially cloudy",Partly cloudy throughout the day with a chance of rain throughout the day.,rain,"['42077099999', '42099099999', 'remote']",obs
2020-05-31,1590863400,29.1,22.1,24.8,31.8,22.1,25.3,21.2,80.9,28.1,100,87.5,['rain'],0,0,29.5,11.5,115.2,1007.6,61.6,4.0,199.2,17.2,8,05:24:14,1590882854,19:26:47,1590933407,0.30000000000000004,"Rain, Partially cloudy",Partly cloudy throughout the day with a chance of rain throughout the day.,rain,"['42077099999', '42099099999', 'remote']",obs
2020-06-01,1590949800,32.1,21.9,26.5,34.1,21.9,27.4,20.8,72.8,1.1,100,16.67,['rain'],0,0,23.8,13.3,67.2,1008.2,23.7,4.0,291.4,25.1,9,05:23:59,1590969239,19:27:20,1591019840,0.34,"Rain, Partially cloudy",Partly cloudy throughout the day with rain.,rain,"['42077099999', '42099099999', 'remote']",obs
2020-06-02,1591036200,32.5,22.4,27.7,36.1,22.4,29.1,20.9,68.7,0.4,100,4.17,['rain'],0,0,20.9,11.0,330.8,1006.2,44.2,3.0,287.3,24.8,9,05:23:45,1591055625,19:27:52,1591106272,0.37,"Rain, Partially cloudy",Partly cloudy throughout the day with afternoon rain.,rain,"['42077099999', '42099099999', '42075099999', 'remote']",obs
2020-06-03,1591122600,34.7,22.6,28.2,36.4,22.6,29.4,20.0,63.4,0.2,100,4.17,['rain'],0,0,16.9,9.0,355.4,1004.2,32.1,4.0,307.2,26.7,9,05:23:33,1591142013,19:28:24,1591192704,0.41000000000000003,"Rain, Partially cloudy",Partly cloudy throughout the day with late afternoon rain.,rain,"['42077099999', '42099099999', 'remote']",obs
2020-06-04,1591209000,35.6,23.2,29.1,38.2,23.2,30.6,20.6,63.2,0.1,100,4.17,['rain'],0,0,19.4,8.3,28.1,1002.8,33.9,3.7,307.3,26.6,9,05:23:22,1591228402,19:28:55,1591279135,0.45,"Rain, Partially cloudy",Partly cloudy throughout the day with late afternoon rain.,rain,"['42077099999', '42099099999', 'remote']",obs
2020-06-05,1591295400,34.1,23.7,28.3,37.3,23.7,29.8,21.1,67.0,2.2,100,25.0,['rain'],0,0,25.2,11.5,132.8,1002.7,35.3,4.0,288.7,24.8,9,05:23:13,1591314793,19:29:25,1591365565,0.48,"Rain, Partially cloudy",Partly cloudy throughout the day with a chance of rain throughout the day.,rain,"['42077099999', '42099099999', 'remote']",obs
2020-06-06,1591381800,30.2,20.8,25.9,33.5,20.8,26.6,21.4,77.1,1.2,100,20.83,['rain'],0,0,30.2,14.8,70.7,1003.3,54.3,4.0,238.7,20.7,8,05:23:05,1591401185,19:29:54,1591451994,0.5,"Rain, Partially cloudy",Partly cloudy throughout the day with rain in the morning and afternoon.,rain,"['42077099999', '42099099999', 'remote']",obs
2020-06-07,1591468200,31.7,21.9,27.1,35.8,21.9,28.9,21.7,73.5,0.2,100,8.33,['rain'],0,0,26.6,14.4,75.6,1002.6,23.5,4.0,276.1,23.6,8,05:22:58,1591487578,19:30:22,1591538422,0.55,"Rain, Partially cloudy",Partly cloudy throughout the day with rain in the morning and afternoon.,rain,"['42077099999', '42099099999', 'remote']",obs
2020-06-08,1591554600,37.1,23.8,30.3,41.6,23.8,33.9,23.1,67.8,0.4,100,4.17,['rain'],0,0,17.3,8.3,67.5,1001.5,6.6,3.7,310.8,26.9,9,05:22:53,1591573973,19:30:49,1591624849,0.58,Rain,Clear conditions throughout the day with late afternoon rain.,rain,"['42077099999', '42099099999', 'remote']",obs
2020-06-09,1591641000,36.1,26.6,31.2,42.7,26.6,35.8,23.6,65.9,0.0,0,0.0,,0,0,24.5,20.5,356.3,1001.6,9.5,3.7,284.9,24.4,8,05:22:49,1591660369,19:31:16,1591711276,0.61,Clear,Clear conditions throughout the day.,clear-day,"['42077099999', '42099099999', 'remote']",obs
2020-06-10,1591727400,35.1,26.8,30.8,43.0,29.5,35.5,23.6,66.7,0.1,100,4.17,['rain'],0,0,31.0,31.7,352.3,1001.2,18.7,3.5,300.3,26.0,9,05:22:47,1591746767,19:31:41,1591797701,0.64,Rain,Clear conditions throughout the day with afternoon rain.,rain,"['42077099999', '42099099999', 'remote']",obs
2020-06-11,1591813800,39.1,25.5,31.7,44.6,25.5,35.9,23.7,65.6,0.0,0,0.0,,0,0,21.6,7.9,17.4,999.5,10.4,4.0,306.9,26.7,9,05:22:46,1591833166,19:32:05,1591884125,0.68,Clear,Clear conditions throughout the day.,clear-day,"['42077099999', '42099099999', 'remote']",obs
2020-06-12,1591900200,39.9,26.7,32.0,44.5,26.7,36.8,23.5,63.1,0.0,0,0.0,,0,0,29.9,14.4,12.9,998.2,13.1,4.0,302.4,26.2,9,05:22:47,1591919567,19:32:29,1591970549,0.71,Clear,Clear conditions throughout the day.,clear-day,"['42077099999', '42099099999', 'remote']",obs
2020-06-13,1591986600,37.7,25.8,31.4,45.5,25.8,34.9,22.6,62.0,0.0,0,0.0,,0,0,21.2,18.4,13.5,998.7,8.6,3.2,309.7,26.8,9,05:22:49,1592005969,19:32:51,1592056971,0.75,Clear,Clear conditions throughout the day.,clear-day,"['42077099999', '42099099999', 'remote']",obs
2020-06-14,1592073000,39.7,24.7,32.4,48.8,24.7,35.9,21.8,56.0,0.0,0,0.0,,0,0,30.2,12.6,14.4,1000.3,5.8,4.0,312.2,26.9,9,05:22:52,1592092372,19:33:12,1592143392,0.77,Clear,Clear conditions throughout the day.,clear-day,"['42077099999', '42099099999', 'remote']",obs
2020-06-15,1592159400,40.7,27.5,33.5,48.9,30.5,38.6,23.0,57.0,0.0,0,0.0,,0,0,22.7,10.8,47.7,998.2,3.3,3.7,316.2,27.2,9,05:22:57,1592178777,19:33:32,1592229812,0.81,Clear,Clear conditions throughout the day.,clear-day,"['42077099999', '42099099999', 'remote']",obs
2020-06-16,1592245800,41.2,26.7,33.2,48.3,26.7,37.7,22.4,55.8,0.0,0,0.0,,0,0,28.4,14.4,106.6,995.9,9.6,4.0,310.8,26.9,9,05:23:03,1592265183,19:33:51,1592316231,0.84,Clear,Clear conditions throughout the day.,clear-day,"['42077099999', '42099099999', 'remote']",obs
2020-06-17,1592332200,39.9,26.4,33.4,50.3,26.4,38.9,23.2,56.8,0.0,0,0.0,,0,0,26.3,14.8,125.5,995.1,6.0,4.0,307.6,26.6,9,05:23:11,1592351591,19:34:09,1592402649,0.87,Clear,Clear conditions throughout the day.,clear-day,"['42077099999', '42099099999', 'remote']",obs
2020-06-18,1592418600,40.1,28.3,34.4,51.9,31.2,41.7,24.4,57.9,0.0,0,0.0,,0,0,28.4,14.0,107.4,995.9,3.8,4.0,313.4,27.1,9,05:23:19,1592437999,19:34:26,1592489066,0.9,Clear,Clear conditions throughout the day.,clear-day,"['42077099999', '42099099999', 'remote']",obs
2020-06-19,1592505000,37.9,29.0,33.1,50.3,31.9,39.2,23.8,58.9,0.0,0,0.0,,0,0,28.8,16.9,116.6,997.6,29.9,4.0,306.1,26.5,9,05:23:29,1592524409,19:34:41,1592575481,0.9400000000000001,Partially cloudy,Partly cloudy throughout the day.,partly-cloudy-day,"['42077099999', '42099099999', 'remote']",obs
2020-06-20,1592591400,37.9,28.3,32.5,49.0,30.7,39.3,24.3,62.6,0.2,100,4.17,['rain'],0,0,20.2,12.6,109.3,998.9,26.2,4.0,297.8,25.7,9,05:23:41,1592610821,19:34:55,1592661895,0.97,"Rain, Partially cloudy",Partly cloudy throughout the day with late afternoon rain.,rain,"['42077099999', '42099099999', 'remote']",obs
2020-06-21,1592677800,36.9,28.4,31.9,51.2,31.8,38.6,24.7,66.6,0.0,0,0.0,,0,0,27.7,16.2,135.9,999.0,17.0,4.0,305.2,26.5,9,05:23:53,1592697233,19:35:08,1592748308,0.0,Clear,Clear conditions throughout the day.,clear-day,"['42077099999', '42099099999', 'remote']",obs
2020-06-22,1592764200,35.8,25.6,30.6,44.6,25.6,35.7,24.4,70.9,1.2,100,33.33,['rain'],0,0,29.5,15.8,130.2,999.3,25.1,3.7,275.6,23.9,9,05:24:07,1592783647,19:35:20,1592834720,0.04,"Rain, Partially cloudy",Partly cloudy throughout the day with rain.,rain,"['42077099999', '42099099999', 'remote']",obs
2020-06-23,1592850600,37.0,28.8,32.8,46.9,34.0,40.4,25.2,65.3,0.0,0,0.0,,0,0,29.5,14.0,130.5,1001.3,12.9,4.0,286.4,25.1,9,05:24:22,1592870062,19:35:30,1592921130,0.07,Clear,Clear conditions throughout the day.,clear-day,"['42077099999', '42099099999', 'remote']",obs
2020-06-24,1592937000,34.2,28.8,30.7,43.0,33.1,36.6,24.5,69.7,0.8,100,20.83,['rain'],0,0,31.3,25.9,106.2,1002.8,39.3,4.0,252.8,22.0,7,05:24:38,1592956478,19:35:39,1593007539,0.11,"Rain, Partially cloudy",Partly cloudy throughout the day with rain.,rain,"['42077099999', '42099099999', 'remote']",obs
2020-06-25,1593023400,32.9,27.1,29.8,41.4,30.5,35.6,25.0,75.9,6.4,100,33.33,['rain'],0,0,21.2,9.4,305.1,1000.7,38.4,3.5,241.7,20.8,7,05:24:55,1593042895,19:35:46,1593093946,0.14,"Rain, Partially cloudy",Partly cloudy throughout the day with a chance of rain throughout the day.,rain,"['42077099999', '42099099999', 'remote']",obs
2020-06-26,1593109800,35.2,27.1,30.9,43.9,30.9,37.7,25.5,74.3,0.0,0,0.0,,0,0,26.3,10.8,233.8,999.1,45.9,3.3,262.4,22.8,7,05:25:14,1593129314,19:35:52,1593180352,0.18,Partially cloudy,Partly cloudy throughout the day.,partly-cloudy-day,"['42077099999', '42099099999', 'remote']",obs
2020-06-27,1593196200,37.0,27.7,32.4,50.3,32.5,41.0,26.1,70.7,0.0,0,0.0,,0,0,26.3,10.1,252.7,997.6,16.8,3.7,283.1,24.4,8,05:25:33,1593215733,19:35:57,1593266757,0.22,Clear,Clear conditions throughout the day.,clear-day,"['42077099999', '42099099999', 'remote']",obs
2020-06-28,1593282600,38.7,28.3,33.5,53.0,34.0,44.5,27.2,71.1,0.6000000000000001,100,8.33,['rain'],0,0,25.9,5.4,202.4,996.7,21.1,3.7,267.3,23.0,8,05:25:54,1593302154,19:36:00,1593353160,0.25,"Rain, Partially cloudy",Partly cloudy throughout the day with late afternoon rain.,rain,"['42077099999', '42099099999', 'remote']",obs
2020-06-29,1593369000,34.9,26.6,30.6,43.9,26.6,35.9,24.4,71.0,2.6,100,12.5,['rain'],0,0,31.3,16.6,20.8,999.3,27.9,3.5,252.4,21.8,8,05:26:15,1593388575,19:36:02,1593439562,0.29,"Rain, Partially cloudy",Partly cloudy throughout the day with rain in the morning and afternoon.,rain,"['42077099999', '42099099999', 'remote']",obs
2020-06-30,1593455400,36.1,26.9,31.3,48.5,30.2,39.1,25.9,74.0,0.9,100,8.33,['rain'],0,0,32.0,15.1,124.7,1000.7,18.9,4.0,271.5,23.5,8,05:26:38,1593474998,19:36:03,1593525963,0.32,Rain,Clear conditions throughout the day with rain clearing later.,rain,"['42077099999', '42099099999', 'remote']",obs
